Index,IssueID,Name,ResolutionStatus,AffectVersions,FixVersions
1,13614695,OPENJPA-2936,Fixed,[4.0.1, 4.1.0],[4.1.1]
2,13605430,OPENJPA-2933,Fixed,[4.0.1],[4.1.0]
3,13605078,OPENJPA-2932,Fixed,[4.0.1],[4.1.0]
4,13602968,OPENJPA-2930,Fixed,[4.0.1],[4.1.0]
5,13593524,OPENJPA-2928,Fixed,[4.0.1],[4.1.0]
6,13590180,OPENJPA-2925,Fixed,[3.2.2, 4.0.0],[4.1.1]
7,13585390,OPENJPA-2923,Fixed,[4.0.0],[4.0.1]
8,13580595,OPENJPA-2921,Fixed,[4.0.0],[4.0.1]
9,13551137,OPENJPA-2915,Fixed,[3.2.2],[3.2.3, 4.0.0]
10,13533336,OPENJPA-2907,Fixed,[3.2.2],[]
11,13427435,OPENJPA-2898,Fixed,[3.2.1, 3.2.2],[4.1.0]
12,13414503,OPENJPA-2891,Fixed,[3.2.0],[3.2.1]
13,13413196,OPENJPA-2889,Fixed,[3.2.0],[3.2.1]
14,13407779,OPENJPA-2883,Fixed,[3.2.0],[3.2.1]
15,13406236,OPENJPA-2882,Fixed,[2.2.3],[3.2.1]
16,13383264,OPENJPA-2876,Fixed,[3.0.0],[3.2.1]
17,13377427,OPENJPA-2871,Fixed,[3.2.0],[3.2.0]
18,13370796,OPENJPA-2866,Fixed,[3.1.2],[3.2.0]
19,13370640,OPENJPA-2865,Fixed,[3.1.2],[3.2.0]
20,13370381,OPENJPA-2864,Fixed,[3.1.2],[3.2.0]
21,13370336,OPENJPA-2863,Fixed,[3.1.2],[3.2.0]
22,13369867,OPENJPA-2862,Fixed,[3.1.2],[3.2.0]
23,13369821,OPENJPA-2861,Fixed,[3.1.2],[3.2.0]
24,13369612,OPENJPA-2860,Fixed,[3.1.2],[3.2.0]
25,13369478,OPENJPA-2859,Fixed,[3.1.2],[3.2.0]
26,13369444,OPENJPA-2858,Fixed,[3.1.2],[3.2.0]
27,13369411,OPENJPA-2857,Fixed,[3.1.2],[3.2.0]
28,13369393,OPENJPA-2856,Fixed,[3.1.2],[3.2.0]
29,13369194,OPENJPA-2855,Fixed,[3.2.0],[3.2.0]
30,13369137,OPENJPA-2854,Fixed,[3.1.2],[3.2.0]
31,13368675,OPENJPA-2851,Fixed,[3.1.2],[3.2.0]
32,13368546,OPENJPA-2850,Fixed,[3.1.2],[3.2.0]
33,13368188,OPENJPA-2849,Fixed,[3.1.2],[3.2.0]
34,13362330,OPENJPA-2848,Fixed,[3.1.2],[]
35,13347111,OPENJPA-2846,Fixed,[3.1.2],[3.2.0]
36,13343524,OPENJPA-2843,Fixed,[3.1.2],[3.2.0]
37,13343379,OPENJPA-2842,Fixed,[3.1.2],[3.2.0]
38,13330140,OPENJPA-2834,Fixed,[3.1.1],[3.2.0]
39,13327639,OPENJPA-2828,Fixed,[3.1.2],[3.2.0]
40,13318915,OPENJPA-2821,Fixed,[3.1.2],[3.2.0]
41,13300132,OPENJPA-2810,Fixed,[3.1.1],[3.1.2]
42,13288239,OPENJPA-2807,Fixed,[3.1.1],[3.1.2]
43,13281596,OPENJPA-2802,Fixed,[3.1.0],[1.3.0]
44,13275175,OPENJPA-2799,Fixed,[3.1.0],[3.1.1]
45,13253665,OPENJPA-2795,Fixed,[2.4.3, 3.1.0],[3.2.0]
46,13241314,OPENJPA-2791,Fixed,[2.4.3],[2.4.4, 3.1.0]
47,13240239,OPENJPA-2789,Fixed,[2.4.3],[3.2.0]
48,13228776,OPENJPA-2788,Fixed,[3.1.0],[3.2.0]
49,13227117,OPENJPA-2785,Fixed,[3.1.0],[3.1.0]
50,13222843,OPENJPA-2780,Fixed,[2.4.2, 2.4.3, 3.0.0],[2.4.4, 3.1.0]
51,13218858,OPENJPA-2777,Fixed,[3.0.0],[3.1.0]
52,13213478,OPENJPA-2772,Fixed,[3.0.0],[3.1.0]
53,13213471,OPENJPA-2771,Fixed,[3.0.0],[3.1.0]
54,13211132,OPENJPA-2770,Fixed,[2.4.2, 2.4.3, 3.0.0],[3.1.0]
55,13208761,OPENJPA-2768,Fixed,[3.0.0],[3.1.0]
56,13207236,OPENJPA-2764,Fixed,[3.0.0],[3.1.0]
57,13203088,OPENJPA-2761,Fixed,[2.2.1, 2.4.3, 3.0.0],[3.1.0]
58,13197604,OPENJPA-2757,Fixed,[3.0.0],[3.1.0]
59,13197602,OPENJPA-2756,Fixed,[3.0.0],[3.1.0]
60,13171751,OPENJPA-2743,Fixed,[2.4.2],[3.1.1]
61,13169066,OPENJPA-2742,Fixed,[2.4.3, 3.0.0],[2.4.4, 3.1.0]
62,13150873,OPENJPA-2733,Fixed,[2.4.2],[3.1.0]
63,13148406,OPENJPA-2731,Fixed,[2.2.2],[2.2.3, 3.2.0]
64,13128235,OPENJPA-2725,Fixed,[2.2.3, 2.4.2],[2.4.3, 3.0.0]
65,13089058,OPENJPA-2707,Fixed,[3.0.0],[]
66,13087231,OPENJPA-2705,Fixed,[2.1.1],[2.1.2, 2.2.3]
67,13085509,OPENJPA-2704,Fixed,[2.2.2],[2.2.3, 2.4.4, 3.1.0]
68,13068265,OPENJPA-2698,Fixed,[2.2.2],[2.4.3, 3.0.0]
69,13049729,OPENJPA-2691,Fixed,[2.4.2],[2.4.3, 3.0.0]
70,13049689,OPENJPA-2690,Fixed,[2.4.2],[2.4.3, 3.0.0]
71,13046596,OPENJPA-2689,Fixed,[2.4.2, 3.0.0],[2.4.3, 3.0.0]
72,13028389,OPENJPA-2684,Fixed,[2.3.0, 2.4.1],[2.4.2, 3.0.0]
73,13013779,OPENJPA-2676,Fixed,[2.4.1],[2.4.2, 3.0.0]
74,13013777,OPENJPA-2675,Fixed,[2.4.1],[2.4.2, 3.0.0]
75,13013140,OPENJPA-2674,Fixed,[2.4.1],[2.4.2, 3.0.0]
76,13011101,OPENJPA-2672,Fixed,[2.2.3, 2.4.1],[2.2.3, 2.4.2, 3.0.0]
77,12998751,OPENJPA-2658,Fixed,[2.4.1],[3.0.0]
78,12995760,OPENJPA-2651,Fixed,[2.2.2, 2.3.0, 2.4.1],[2.2.3, 2.4.0, 2.4.2]
79,12989655,OPENJPA-2650,Fixed,[2.2.3, 2.3.0, 2.4.2],[2.2.3, 2.4.0, 2.4.2]
80,12986113,OPENJPA-2648,Fixed,[2.4.1],[3.2.0]
81,12981420,OPENJPA-2646,Fixed,[2.2.3, 2.4.1],[2.2.3, 2.4.3, 3.0.0]
82,12980275,OPENJPA-2645,Fixed,[1.1.0, 1.2.3, 1.3.0, 2.0.1, 2.1.2, 2.2.2, 2.3.0],[2.2.3]
83,12958112,OPENJPA-2640,Fixed,[2.4.1],[2.4.2]
84,12956186,OPENJPA-2638,Fixed,[2.2.2],[]
85,12954855,OPENJPA-2636,Fixed,[2.2.3, 2.4.2],[2.2.3, 2.4.2]
86,12946975,OPENJPA-2632,Fixed,[2.4.1],[2.4.2]
87,12938647,OPENJPA-2631,Fixed,[2.1.2, 2.2.3, 2.4.1],[2.1.2, 2.2.1.1, 2.2.3, 2.4.2]
88,12936155,OPENJPA-2628,Fixed,[1.2.3, 2.3.0],[]
89,12935076,OPENJPA-2626,Fixed,[2.4.0],[2.4.1]
90,12916621,OPENJPA-2617,Fixed,[2.4.0],[2.4.1]
91,12915363,OPENJPA-2616,Fixed,[1.0.0, 1.0.1, 1.0.2, 1.0.3, 1.0.4, 1.1.0, 1.2.0, 1.2.1, 1.2.2, 1.2.3, 2.0.0, 2.0.1, 2.1.0, 2.1.1, 2.2.0, 2.2.1, 2.2.2, 2.3.0, 2.4.0],[2.4.1]
92,12913703,OPENJPA-2614,Fixed,[2.4.0],[3.2.1]
93,12902522,OPENJPA-2609,Fixed,[2.2.3, 2.4.0],[2.1.2, 2.2.1.1, 2.2.3, 2.4.1]
94,12854226,OPENJPA-2605,Fixed,[2.2.2, 2.4.0],[2.2.3, 2.4.1]
95,12852374,OPENJPA-2603,Fixed,[2.1.2, 2.2.1.1, 2.2.3, 2.4.1],[2.1.2, 2.2.1.1, 2.2.3, 2.4.1]
96,12846325,OPENJPA-2601,Fixed,[2.3.0, 2.4.0],[2.4.1]
97,12841422,OPENJPA-2600,Fixed,[2.4.0],[2.4.1]
98,12835928,OPENJPA-2596,Fixed,[2.4.0],[2.4.1]
99,12830023,OPENJPA-2586,Fixed,[2.1.2, 2.2.2, 2.2.1.1, 2.4.1],[2.0.2, 2.1.2, 2.2.1.1, 2.2.3, 2.4.1]
100,12827195,OPENJPA-2582,Fixed,[2.4.0],[2.4.1]
101,12818810,OPENJPA-2576,Fixed,[2.3.0],[2.4.0]
102,12777706,OPENJPA-2571,Fixed,[2.2.3, 2.4.0],[2.1.2, 2.2.1.1, 2.2.3, 2.4.0]
103,12771750,OPENJPA-2567,Fixed,[2.3.0],[2.4.4, 3.1.0]
104,12766612,OPENJPA-2557,Fixed,[2.1.2, 2.2.2, 2.2.1.1, 2.3.0, 2.4.0],[2.1.2, 2.2.1.1, 2.2.3, 2.4.0]
105,12765122,OPENJPA-2555,Fixed,[2.2.2, 2.3.0],[3.1.0]
106,12760787,OPENJPA-2551,Fixed,[2.2.1, 2.2.2, 2.3.0],[2.4.0]
107,12757745,OPENJPA-2547,Fixed,[2.1.2, 2.2.2, 2.2.1.1, 2.3.0, 2.4.0],[2.1.2, 2.2.2, 2.2.1.1, 2.4.0]
108,12754473,OPENJPA-2542,Fixed,[2.3.0, 2.4.0],[2.4.0]
109,12750258,OPENJPA-2539,Fixed,[2.1.0],[2.1.2, 2.2.1.1, 2.2.3, 2.4.1]
110,12747887,OPENJPA-2536,Fixed,[2.1.2, 2.2.1.1, 2.2.3, 2.3.0, 2.4.0],[2.1.2, 2.2.2, 2.2.1.1, 2.4.0]
111,12746427,OPENJPA-2534,Fixed,[2.1.2, 2.2.1.1, 2.2.3, 2.3.0, 2.4.0],[2.1.2, 2.2.1.1, 2.2.3, 2.4.0]
112,12746303,OPENJPA-2533,Fixed,[2.2.2, 2.3.0, 2.4.0],[2.2.3, 2.4.0]
113,12736206,OPENJPA-2525,Fixed,[2.2.2],[2.2.3, 2.4.0]
114,12727288,OPENJPA-2517,Fixed,[2.2.0, 2.2.1, 2.2.2, 2.3.0],[2.2.3, 2.4.1]
115,12726142,OPENJPA-2515,Fixed,[2.3.0, 2.4.0],[2.4.0]
116,12717862,OPENJPA-2510,Fixed,[2.4.0],[]
117,12717267,OPENJPA-2508,Fixed,[2.2.2, 2.2.1.1, 2.3.0, 2.4.0],[2.1.2, 2.2.1.1, 2.2.3, 2.4.0]
118,12716905,OPENJPA-2507,Fixed,[2.2.0, 2.3.0, 2.4.0],[2.4.0]
119,12716383,OPENJPA-2506,Fixed,[2.0.1, 2.1.1, 2.2.2, 2.3.0, 2.4.0],[2.1.2, 2.2.1.1, 2.2.3, 2.4.0]
120,12714792,OPENJPA-2505,Fixed,[2.1.0, 2.2.2, 2.3.0, 2.4.0],[2.2.3, 2.4.0]
121,12713350,OPENJPA-2502,Fixed,[2.2.1, 2.2.2, 2.3.0, 2.4.0],[2.2.1.1, 2.2.3, 2.4.0]
122,12708310,OPENJPA-2494,Fixed,[2.2.1.1, 2.2.3, 2.3.0, 2.4.0],[2.2.3, 2.4.0]
123,12700809,OPENJPA-2482,Fixed,[2.1.1, 2.2.2, 2.3.0, 2.4.0],[2.1.2, 2.2.1.1, 2.2.3, 2.4.0]
124,12694802,OPENJPA-2478,Fixed,[2.1.2, 2.2.2, 2.2.1.1, 2.3.0, 2.4.0],[2.1.2, 2.2.1.1, 2.2.3, 2.4.0]
125,12693951,OPENJPA-2476,Fixed,[2.1.0, 2.2.0, 2.2.1.1, 2.3.0, 2.4.0],[2.1.2, 2.2.1.1, 2.2.3, 2.4.0]
126,12692355,OPENJPA-2475,Fixed,[2.1.1, 2.2.2, 2.2.1.1, 2.3.0, 2.4.0],[2.1.2, 2.2.1.1, 2.2.3, 2.4.0]
127,12689595,OPENJPA-2472,Fixed,[2.2.2, 2.3.0],[2.2.1.1, 2.2.3, 2.4.0]
128,12688907,OPENJPA-2470,Fixed,[2.0.1, 2.1.1, 2.2.2],[2.2.3, 2.4.0]
129,12685900,OPENJPA-2467,Fixed,[2.2.2],[2.4.0]
130,12682710,OPENJPA-2463,Fixed,[2.0.1, 2.1.2, 2.2.2, 2.2.1.1],[2.4.0]
131,12675569,OPENJPA-2444,Fixed,[2.3.0],[2.3.0, 2.4.0]
132,12675132,OPENJPA-2443,Fixed,[2.3.0, 2.4.0],[2.3.0, 2.4.0]
133,12674871,OPENJPA-2442,Fixed,[2.4.0],[2.4.0]
134,12674821,OPENJPA-2441,Fixed,[2.4.0],[2.4.0]
135,12674126,OPENJPA-2440,Fixed,[2.3.0],[2.3.0]
136,12672937,OPENJPA-2435,Fixed,[2.1.0, 2.2.2, 2.2.1.1, 2.3.0],[2.1.2, 2.2.1.1, 2.2.3, 2.3.0]
137,12666733,OPENJPA-2425,Fixed,[2.1.2, 2.2.1.1, 2.2.3, 2.3.0],[2.1.2, 2.2.1.1, 2.2.3, 2.3.0]
138,12665556,OPENJPA-2423,Fixed,[2.1.1, 2.2.2, 2.2.1.1, 2.3.0],[2.1.2, 2.2.1.1, 2.2.3, 2.3.0]
139,12663617,OPENJPA-2421,Fixed,[2.2.2, 2.3.0],[2.3.0]
140,12662235,OPENJPA-2418,Fixed,[2.0.2, 2.1.2, 2.2.3, 2.3.0],[2.2.3, 2.3.0]
141,12659627,OPENJPA-2414,Fixed,[2.2.3, 2.3.0],[2.1.2, 2.2.1.1, 2.2.3, 2.3.0]
142,12657213,OPENJPA-2409,Fixed,[2.2.2],[2.3.0]
143,12654693,OPENJPA-2405,Fixed,[2.2.3],[2.3.0]
144,12652902,OPENJPA-2400,Fixed,[2.2.3],[2.3.0]
145,12649901,OPENJPA-2390,Fixed,[2.2.1],[2.3.0]
146,12647764,OPENJPA-2381,Fixed,[2.2.2],[2.2.3, 2.4.0]
147,12646130,OPENJPA-2378,Fixed,[2.3.0],[2.3.0]
148,12644134,OPENJPA-2374,Fixed,[2.2.1, 2.3.0],[2.3.0]
149,12642602,OPENJPA-2369,Fixed,[2.2.1, 2.2.3],[2.3.0]
150,12638547,OPENJPA-2357,Fixed,[2.2.0, 2.2.1],[2.3.0]
151,12634822,OPENJPA-2343,Fixed,[2.2.1, 2.3.0],[2.1.2, 2.2.1.1, 2.2.3, 2.3.0]
152,12634436,OPENJPA-2341,Fixed,[2.2.0],[2.4.1]
153,12633817,OPENJPA-2339,Fixed,[2.2.0, 2.2.1],[2.2.1]
154,12632301,OPENJPA-2334,Fixed,[2.2.2, 2.3.0],[2.2.2, 2.3.0]
155,12631234,OPENJPA-2330,Fixed,[2.2.0, 2.2.1],[2.1.2, 2.2.1.1, 2.2.3, 2.3.0]
156,12630095,OPENJPA-2328,Fixed,[2.1.1, 2.2.0, 2.2.1],[2.3.0]
157,12628822,OPENJPA-2326,Fixed,[2.3.0],[2.0.2, 2.1.2, 2.2.2, 2.2.1.1, 2.3.0]
158,12628714,OPENJPA-2325,Fixed,[2.3.0],[2.3.0]
159,12626144,OPENJPA-2318,Fixed,[2.1.1],[2.2.1.1, 2.2.3, 2.3.0]
160,12623454,OPENJPA-2308,Fixed,[2.1.0, 2.1.1, 2.2.0],[]
161,12623423,OPENJPA-2304,Fixed,[2.2.1.1],[2.1.2, 2.2.2, 2.2.1.1, 2.3.0]
162,12617576,OPENJPA-2300,Fixed,[2.2.1],[3.0.0]
163,12616445,OPENJPA-2298,Fixed,[2.2.0, 2.3.0],[2.2.2, 2.2.1.1, 2.3.0]
164,12614256,OPENJPA-2289,Fixed,[2.0.1, 2.1.1, 2.2.0, 2.3.0],[2.0.2, 2.1.2, 2.2.2, 2.2.1.1, 2.3.0]
165,12613904,OPENJPA-2288,Fixed,[2.1.1, 2.2.0],[2.1.2, 2.2.2, 2.2.1.1, 2.3.0]
166,12613873,OPENJPA-2287,Fixed,[2.2.0],[2.4.0]
167,12613632,OPENJPA-2286,Fixed,[2.2.0],[2.1.2, 2.2.1.1, 2.2.3, 2.4.0]
168,12613539,OPENJPA-2284,Fixed,[2.0.1, 2.2.1, 2.3.0],[2.0.2, 2.1.2, 2.2.2, 2.2.1.1, 2.3.0]
169,12613027,OPENJPA-2282,Fixed,[2.3.0],[2.3.0]
170,12609437,OPENJPA-2269,Fixed,[2.2.0, 2.3.0],[2.3.0]
171,12609165,OPENJPA-2267,Fixed,[2.2.0, 2.3.0],[2.3.0]
172,12606907,OPENJPA-2261,Fixed,[2.1.0, 2.1.1, 2.2.0],[2.1.2, 2.2.1, 2.3.0]
173,12606896,OPENJPA-2260,Fixed,[2.1.0, 2.1.1, 2.2.0],[2.1.2, 2.2.1, 2.3.0]
174,12605972,OPENJPA-2257,Fixed,[2.1.2],[2.1.2, 2.2.2, 2.2.1.1, 2.3.0]
175,12605631,OPENJPA-2255,Fixed,[2.1.1],[2.3.0]
176,12604028,OPENJPA-2253,Fixed,[2.2.0, 2.3.0],[2.3.0]
177,12601384,OPENJPA-2247,Fixed,[2.0.1, 2.1.2, 2.2.1, 2.3.0],[2.0.2, 2.1.2, 2.2.1, 2.3.0]
178,12601211,OPENJPA-2245,Fixed,[2.2.0, 2.3.0],[2.2.3, 2.3.0, 2.4.2]
179,12601129,OPENJPA-2244,Fixed,[2.0.1, 2.1.1, 2.2.0],[2.0.2, 2.1.2, 2.2.2, 2.2.1.1, 2.3.0]
180,12600145,OPENJPA-2240,Fixed,[2.2.0, 2.2.1, 2.3.0],[2.2.2, 2.3.0]
181,12599852,OPENJPA-2238,Fixed,[2.2.0, 2.3.0],[2.3.0]
182,12599542,OPENJPA-2236,Fixed,[2.2.1, 2.3.0],[1.2.3, 2.2.1, 2.3.0]
183,12599487,OPENJPA-2235,Fixed,[2.1.1, 2.2.0, 2.3.0],[2.1.2, 2.2.2, 2.2.1.1, 2.3.0]
184,12599438,OPENJPA-2234,Fixed,[2.0.1],[2.3.0]
185,12599130,OPENJPA-2233,Fixed,[2.0.1, 2.1.0, 2.2.0, 2.3.0],[2.0.2, 2.1.2, 2.2.2, 2.2.1.1, 2.4.0]
186,12598746,OPENJPA-2230,Fixed,[2.2.1, 2.3.0],[2.2.1, 2.3.0]
187,12598564,OPENJPA-2229,Fixed,[2.2.0, 2.2.1, 2.3.0],[2.3.0]
188,12598245,OPENJPA-2228,Fixed,[2.2.0, 2.3.0],[2.3.0]
189,12598075,OPENJPA-2227,Fixed,[2.0.0, 2.1.0, 2.2.0],[2.1.2, 2.2.1, 2.3.0]
190,12596262,OPENJPA-2221,Fixed,[2.1.0],[2.1.1, 2.3.0]
191,12595074,OPENJPA-2215,Fixed,[2.2.0],[]
192,12560527,OPENJPA-2212,Fixed,[1.0.3],[]
193,12558784,OPENJPA-2204,Fixed,[2.2.1, 2.3.0],[2.3.0]
194,12556252,OPENJPA-2199,Fixed,[2.0.0, 2.1.0, 2.2.0, 2.3.0],[2.0.2, 2.1.2, 2.2.1, 2.3.0]
195,12556135,OPENJPA-2197,Fixed,[2.2.0],[2.3.0]
196,12555953,OPENJPA-2196,Fixed,[2.2.0],[2.2.2, 2.2.1.1, 2.3.0]
197,12555891,OPENJPA-2195,Fixed,[2.0.0, 2.0.1, 2.1.0, 2.1.1, 2.2.0],[]
198,12555011,OPENJPA-2191,Fixed,[2.0.0, 2.1.0, 2.2.0, 2.3.0],[2.3.0]
199,12554482,OPENJPA-2187,Fixed,[2.2.0],[2.3.0]
200,12553160,OPENJPA-2182,Fixed,[2.3.0],[3.2.0]
201,12553120,OPENJPA-2180,Fixed,[2.2.0],[2.3.0]
202,12552847,OPENJPA-2178,Fixed,[2.2.0],[2.3.0]
203,12551298,OPENJPA-2174,Fixed,[2.1.0, 2.2.0],[2.1.2, 2.2.1, 2.3.0]
204,12550858,OPENJPA-2172,Fixed,[2.2.0, 2.2.1, 2.3.0],[2.2.2, 2.3.0]
205,12550430,OPENJPA-2170,Fixed,[2.2.0, 2.3.0],[2.3.0]
206,12548387,OPENJPA-2163,Fixed,[2.0.1, 2.1.2, 2.2.1, 2.3.0],[2.2.1, 2.3.0]
207,12548006,OPENJPA-2161,Fixed,[2.2.0, 2.3.0],[2.2.1, 2.3.0]
208,12547441,OPENJPA-2158,Fixed,[2.1.1, 2.2.0, 2.3.0],[2.2.1, 2.3.0]
209,12546817,OPENJPA-2156,Fixed,[2.2.0, 2.3.0],[2.2.1, 2.3.0]
210,12546055,OPENJPA-2154,Fixed,[2.2.0, 2.3.0],[2.2.1, 2.3.0]
211,12545916,OPENJPA-2153,Fixed,[2.2.0, 2.3.0],[2.2.1, 2.3.0]
212,12545137,OPENJPA-2149,Fixed,[2.0.1, 2.0.2, 2.1.1],[2.0.2, 2.1.2, 2.2.1, 2.3.0]
213,12544327,OPENJPA-2146,Fixed,[2.0.0, 2.0.1, 2.0.2, 2.1.0, 2.1.1, 2.1.2, 2.2.0, 2.2.1],[2.0.2, 2.1.2, 2.2.1, 2.3.0]
214,12544299,OPENJPA-2145,Fixed,[2.2.0, 2.2.1, 2.3.0],[2.2.1, 2.3.0]
215,12544008,OPENJPA-2142,Fixed,[2.2.1, 2.3.0],[2.2.1, 2.3.0]
216,12543759,OPENJPA-2140,Fixed,[2.3.0],[2.3.0]
217,12543556,OPENJPA-2136,Fixed,[2.0.0, 2.1.1, 2.2.0, 2.3.0],[2.2.1, 2.3.0]
218,12542708,OPENJPA-2133,Fixed,[2.1.1],[1.2.3, 2.0.2, 2.1.2, 2.2.1, 2.3.0]
219,12542594,OPENJPA-2132,Fixed,[2.0.1, 2.1.1, 2.2.0],[2.1.2, 2.2.1, 2.3.0]
220,12542592,OPENJPA-2131,Fixed,[2.1.1],[2.0.2, 2.1.2, 2.2.1.1, 2.2.3, 2.3.0]
221,12542018,OPENJPA-2124,Fixed,[2.0.0, 2.0.1, 2.1.0, 2.3.0],[2.2.0]
222,12541862,OPENJPA-2123,Fixed,[2.2.1, 2.3.0],[2.2.1, 2.3.0]
223,12541722,OPENJPA-2122,Fixed,[2.2.0],[2.2.0]
224,12540917,OPENJPA-2119,Fixed,[2.2.0],[2.2.0]
225,12540446,OPENJPA-2118,Fixed,[2.0.0, 2.1.0, 2.2.0],[2.0.2, 2.1.2, 2.2.1, 2.3.0]
226,12539944,OPENJPA-2117,Fixed,[1.2.3, 2.0.2, 2.1.1, 2.2.0],[1.2.3, 2.2.0]
227,12538772,OPENJPA-2112,Fixed,[2.1.1],[]
228,12538690,OPENJPA-2110,Fixed,[1.2.2, 2.1.1],[2.3.0]
229,12538078,OPENJPA-2107,Fixed,[2.0.1, 2.1.0, 2.2.0],[1.2.3, 2.0.2, 2.1.2, 2.2.0]
230,12537336,OPENJPA-2105,Fixed,[2.2.0],[2.2.0]
231,12537245,OPENJPA-2104,Fixed,[2.2.0],[2.2.0]
232,12536471,OPENJPA-2102,Fixed,[2.0.1, 2.1.2, 2.2.0],[2.1.2, 2.3.0]
233,12536421,OPENJPA-2101,Fixed,[2.1.1, 2.2.0],[2.2.0]
234,12536413,OPENJPA-2100,Fixed,[2.2.0],[2.2.0]
235,12535862,OPENJPA-2097,Fixed,[2.1.1],[]
236,12535520,OPENJPA-2095,Fixed,[1.2.3, 2.0.2, 2.1.2, 2.2.0],[1.2.3, 2.0.2, 2.1.2, 2.2.1, 2.3.0]
237,12534172,OPENJPA-2088,Fixed,[2.0.2],[2.0.2]
238,12533177,OPENJPA-2083,Fixed,[2.1.1],[2.2.0]
239,12532202,OPENJPA-2077,Fixed,[2.2.0],[2.2.0]
240,12531801,OPENJPA-2076,Fixed,[2.2.0],[2.2.0]
241,12531097,OPENJPA-2073,Fixed,[2.2.0],[2.2.0]
242,12530831,OPENJPA-2072,Fixed,[1.2.1, 1.2.2, 1.2.3],[1.2.3, 2.0.2, 2.1.2, 2.2.1, 2.3.0]
243,12530781,OPENJPA-2071,Fixed,[2.2.0],[2.2.0]
244,12530585,OPENJPA-2070,Fixed,[2.2.0],[2.2.0]
245,12530384,OPENJPA-2069,Fixed,[2.1.2, 2.2.0],[2.2.0]
246,12529315,OPENJPA-2067,Fixed,[1.2.3, 2.0.2, 2.1.2, 2.2.0],[1.2.3, 2.0.2, 2.1.2, 2.2.1, 2.3.0]
247,12528797,OPENJPA-2066,Fixed,[1.1.0, 2.1.1, 2.2.0],[1.2.0, 2.2.0]
248,12528728,OPENJPA-2065,Fixed,[2.1.0, 2.1.1, 2.2.0],[2.2.0]
249,12527112,OPENJPA-2060,Fixed,[2.2.0],[2.1.2, 2.2.0]
250,12527104,OPENJPA-2059,Fixed,[2.1.2, 2.2.0],[2.2.0]
251,12525645,OPENJPA-2056,Fixed,[2.0.0, 2.0.1, 2.1.1],[2.2.0]
252,12525346,OPENJPA-2055,Fixed,[2.1.0],[2.1.1, 2.2.0]
253,12525194,OPENJPA-2053,Fixed,[2.0.0],[2.2.0]
254,12523252,OPENJPA-2051,Fixed,[2.0.0, 2.1.1, 2.2.0],[1.2.3, 2.0.2, 2.1.2, 2.2.0]
255,12521063,OPENJPA-2045,Fixed,[2.1.0, 2.2.0],[2.2.0]
256,12520095,OPENJPA-2044,Fixed,[2.0.1, 2.1.1, 2.2.0],[2.2.0]
257,12518519,OPENJPA-2039,Fixed,[2.1.1, 2.2.0],[2.2.0]
258,12518481,OPENJPA-2038,Fixed,[2.1.1],[2.1.2]
259,12515578,OPENJPA-2036,Fixed,[2.1.0],[2.2.0]
260,12514992,OPENJPA-2034,Fixed,[2.1.0],[2.2.0]
261,12513018,OPENJPA-2027,Fixed,[2.1.0],[2.2.0]
262,12512342,OPENJPA-2025,Fixed,[2.1.0],[2.2.0]
263,12511536,OPENJPA-2022,Fixed,[2.1.0, 2.1.1, 2.2.0],[2.4.0]
264,12510474,OPENJPA-2018,Fixed,[2.1.0],[2.3.0]
265,12509757,OPENJPA-2015,Fixed,[1.2.2, 1.2.3],[1.2.3]
266,12509670,OPENJPA-2013,Fixed,[2.1.0],[2.2.0]
267,12509650,OPENJPA-2011,Fixed,[2.0.1, 2.1.0],[2.0.2, 2.1.2, 2.2.0]
268,12509634,OPENJPA-2010,Fixed,[2.0.1, 2.1.0],[2.0.2, 2.1.2, 2.2.0]
269,12509380,OPENJPA-2008,Fixed,[2.1.0],[2.2.0]
270,12508346,OPENJPA-2007,Fixed,[2.0.0, 2.0.1, 2.1.0, 2.2.0],[2.2.0]
271,12508321,OPENJPA-2006,Fixed,[1.2.2, 2.1.0, 2.2.0],[1.2.3, 2.0.2, 2.1.2, 2.2.0]
272,12508229,OPENJPA-2005,Fixed,[2.1.0],[2.2.0]
273,12507216,OPENJPA-2000,Fixed,[2.1.0],[2.2.0]
274,12506760,OPENJPA-1996,Fixed,[2.1.0],[1.2.3, 2.0.2, 2.1.1, 2.2.0]
275,12506220,OPENJPA-1993,Fixed,[1.0.0, 1.0.1, 1.0.2, 1.0.3, 1.0.4, 1.2.0, 1.2.1, 1.2.2, 2.0.0, 2.0.1, 2.1.0],[1.2.3, 2.0.2, 2.1.2, 2.2.0, 2.3.0, 2.4.4, 3.1.0]
276,12506151,OPENJPA-1992,Fixed,[2.1.0],[2.2.0]
277,12505434,OPENJPA-1989,Fixed,[2.1.0, 2.2.0],[2.1.1, 2.2.0]
278,12505432,OPENJPA-1988,Fixed,[2.2.0, 2.3.0],[2.2.1.1, 2.2.3, 2.4.0]
279,12505419,OPENJPA-1987,Fixed,[2.2.0],[2.2.0]
280,12505332,OPENJPA-1986,Fixed,[2.0.1, 2.1.0, 2.2.0],[2.1.1, 2.2.0]
281,12505188,OPENJPA-1985,Fixed,[2.1.0],[2.1.1, 2.2.0]
282,12505086,OPENJPA-1984,Fixed,[2.1.0, 2.1.1, 2.2.0],[2.2.0]
283,12504706,OPENJPA-1983,Fixed,[2.1.0, 2.2.0],[2.0.2, 2.1.2, 2.2.0]
284,12504273,OPENJPA-1981,Fixed,[2.1.0],[2.2.0]
285,12504246,OPENJPA-1980,Fixed,[2.1.0],[2.2.0]
286,12504099,OPENJPA-1979,Fixed,[2.0.0-M1, 2.0.0],[2.3.0]
287,12503677,OPENJPA-1975,Fixed,[2.0.1, 2.1.0],[2.2.0]
288,12503268,OPENJPA-1974,Fixed,[2.1.0, 2.2.0],[2.2.0]
289,12503044,OPENJPA-1970,Fixed,[1.1.0],[1.2.0]
290,12502905,OPENJPA-1969,Fixed,[2.1.0, 2.1.1, 2.2.0],[2.1.1, 2.2.0]
291,12502735,OPENJPA-1968,Fixed,[2.1.0, 2.1.1, 2.2.0],[2.1.1, 2.2.0]
292,12502386,OPENJPA-1965,Fixed,[2.0.0, 2.1.0, 2.2.0],[2.1.1, 2.2.0]
293,12501521,OPENJPA-1960,Fixed,[2.1.0, 2.2.0],[2.2.0]
294,12501261,OPENJPA-1959,Fixed,[1.2.2, 2.0.1, 2.1.0, 2.2.0],[2.1.1, 2.2.0]
295,12501250,OPENJPA-1958,Fixed,[1.2.2, 2.0.1, 2.1.0, 2.2.0],[2.1.1, 2.2.0]
296,12500828,OPENJPA-1957,Fixed,[1.2.2, 2.0.1, 2.1.0],[1.2.3, 2.0.2, 2.1.1, 2.2.0]
297,12500194,OPENJPA-1954,Fixed,[1.2.2, 2.0.0, 2.1.0, 2.2.0],[2.1.2, 2.2.0]
298,12499589,OPENJPA-1951,Fixed,[2.0.1],[2.0.2, 2.1.0, 2.2.0]
299,12499043,OPENJPA-1944,Fixed,[1.2.2, 2.1.0],[2.1.1, 2.2.0]
300,12498950,OPENJPA-1943,Fixed,[2.0.1, 2.1.0, 2.2.0],[2.1.1, 2.2.0]
301,12498801,OPENJPA-1940,Fixed,[2.1.0],[2.1.1, 2.2.0]
302,12498581,OPENJPA-1939,Fixed,[1.2.2, 2.0.1, 2.1.0],[2.1.1, 2.2.0]
303,12498188,OPENJPA-1938,Fixed,[2.1.0, 2.2.0],[2.1.0, 2.2.0]
304,12497418,OPENJPA-1935,Fixed,[2.1.0, 2.2.0],[2.1.0, 2.2.0]
305,12497153,OPENJPA-1932,Fixed,[2.1.0],[2.2.0]
306,12496199,OPENJPA-1928,Fixed,[1.2.1, 2.0.1],[2.2.0]
307,12494845,OPENJPA-1918,Fixed,[2.0.1, 2.1.0, 2.2.0],[2.1.0, 2.2.0]
308,12494606,OPENJPA-1915,Fixed,[2.2.0],[2.2.0]
309,12494520,OPENJPA-1912,Fixed,[2.0.0, 2.0.1, 2.1.0],[2.2.0]
310,12494510,OPENJPA-1911,Fixed,[1.0.4, 1.2.2, 2.0.1, 2.1.0, 2.2.0],[1.2.3, 1.3.0, 2.0.2, 2.1.0, 2.2.0]
311,12494449,OPENJPA-1910,Fixed,[2.0.1, 2.1.0, 2.2.0],[2.1.0, 2.2.0]
312,12494363,OPENJPA-1909,Fixed,[2.0.0, 2.0.1, 2.1.0],[2.1.0, 2.2.0]
313,12493125,OPENJPA-1906,Fixed,[2.2.0],[2.1.0, 2.2.0]
314,12492980,OPENJPA-1905,Fixed,[1.2.0, 1.2.1, 1.2.2, 2.0.0, 2.0.1],[1.2.3, 2.0.2, 2.1.0, 2.2.0]
315,12492771,OPENJPA-1904,Fixed,[2.0.2, 2.1.0, 2.2.0],[2.1.0, 2.2.0]
316,12492529,OPENJPA-1903,Fixed,[2.0.1],[2.2.0]
317,12491654,OPENJPA-1901,Fixed,[2.0.0, 2.0.1],[2.0.2, 2.1.2, 2.2.0, 2.3.0]
318,12491624,OPENJPA-1900,Fixed,[2.0.1, 2.1.0, 2.2.0],[2.1.0, 2.2.0]
319,12491561,OPENJPA-1899,Fixed,[2.0.0],[2.1.1]
320,12491555,OPENJPA-1898,Fixed,[2.0.1],[2.1.0, 2.2.0]
321,12480699,OPENJPA-1897,Fixed,[2.0.1],[2.1.0]
322,12480685,OPENJPA-1896,Fixed,[2.0.1, 2.1.0, 2.2.0],[2.1.0, 2.2.0]
323,12480601,OPENJPA-1894,Fixed,[2.1.0],[2.1.0]
324,12480591,OPENJPA-1893,Fixed,[2.0.1],[2.1.0]
325,12480408,OPENJPA-1892,Fixed,[2.0.0, 2.1.0],[2.1.0]
326,12480255,OPENJPA-1890,Fixed,[2.0.1],[2.0.2, 2.1.0]
327,12479974,OPENJPA-1886,Fixed,[2.0.2, 2.1.0],[2.1.0]
328,12479818,OPENJPA-1884,Fixed,[2.1.0],[2.1.1]
329,12479608,OPENJPA-1882,Fixed,[2.1.0],[2.1.0]
330,12479591,OPENJPA-1881,Fixed,[2.1.0],[2.1.0]
331,12479394,OPENJPA-1877,Fixed,[2.0.1],[1.3.0, 2.0.2, 2.1.0]
332,12479325,OPENJPA-1876,Fixed,[2.1.0],[2.2.0]
333,12479205,OPENJPA-1874,Fixed,[1.2.2, 2.0.0, 2.0.1],[1.2.3, 2.0.2, 2.1.0]
334,12479138,OPENJPA-1873,Fixed,[2.0.0, 2.0.1, 2.0.2],[2.2.0]
335,12479005,OPENJPA-1870,Fixed,[2.0.2],[2.1.0]
336,12478886,OPENJPA-1867,Fixed,[2.1.0],[2.1.0]
337,12478835,OPENJPA-1866,Fixed,[2.0.1, 2.1.0],[2.1.0]
338,12478474,OPENJPA-1857,Fixed,[2.1.0],[2.1.0]
339,12478387,OPENJPA-1856,Fixed,[2.0.0, 2.1.0, 2.2.0],[2.1.0, 2.2.0]
340,12478171,OPENJPA-1853,Fixed,[2.0.0, 2.0.1],[2.1.0]
341,12477846,OPENJPA-1845,Fixed,[2.0.1],[2.1.1, 2.2.0]
342,12477643,OPENJPA-1840,Fixed,[2.1.0],[2.1.0]
343,12477545,OPENJPA-1838,Fixed,[2.1.0],[2.1.0]
344,12477514,OPENJPA-1837,Fixed,[2.0.1],[2.0.1]
345,12477478,OPENJPA-1835,Fixed,[2.1.0],[2.1.0]
346,12477366,OPENJPA-1832,Fixed,[2.1.0],[2.1.0]
347,12477175,OPENJPA-1831,Fixed,[2.0.0],[2.1.0]
348,12477048,OPENJPA-1830,Fixed,[2.0.0],[2.1.0]
349,12476792,OPENJPA-1828,Fixed,[2.1.0],[2.1.0]
350,12475495,OPENJPA-1819,Fixed,[2.0.1, 2.0.2],[2.1.0, 2.3.0]
351,12475398,OPENJPA-1818,Fixed,[2.0.0],[2.1.0]
352,12475061,OPENJPA-1814,Fixed,[1.2.2, 2.1.0],[1.2.3, 1.3.0, 2.0.2, 2.1.0]
353,12474858,OPENJPA-1811,Fixed,[2.0.0],[2.1.0]
354,12474721,OPENJPA-1810,Fixed,[2.0.1, 2.1.0],[2.1.0]
355,12474715,OPENJPA-1809,Fixed,[2.0.0, 2.0.1, 2.1.0],[2.1.0]
356,12474682,OPENJPA-1808,Fixed,[2.0.1],[]
357,12474490,OPENJPA-1804,Fixed,[2.0.1],[2.1.0]
358,12474323,OPENJPA-1801,Fixed,[2.0.1, 2.1.0],[2.1.0]
359,12474312,OPENJPA-1800,Fixed,[2.0.0],[2.1.0]
360,12474154,OPENJPA-1794,Fixed,[2.0.0],[2.0.2, 2.1.2, 2.2.1.1, 2.2.3, 2.3.0]
361,12474032,OPENJPA-1793,Fixed,[2.0.2, 2.1.0],[2.0.2, 2.1.0]
362,12473961,OPENJPA-1790,Fixed,[2.0.1],[2.0.2, 2.1.0]
363,12473829,OPENJPA-1788,Fixed,[2.0.0, 2.0.1, 2.0.2],[2.1.0]
364,12473823,OPENJPA-1787,Fixed,[2.0.1, 2.1.0, 2.2.0],[2.1.1, 2.2.0]
365,12473570,OPENJPA-1784,Fixed,[2.0.1],[2.1.0]
366,12472005,OPENJPA-1770,Fixed,[2.0.0, 2.1.0],[2.1.0]
367,12471945,OPENJPA-1769,Fixed,[2.0.0, 2.1.0],[2.1.0]
368,12471582,OPENJPA-1768,Fixed,[2.0.0, 2.1.0],[2.2.0]
369,12471448,OPENJPA-1765,Fixed,[2.0.0, 2.1.0],[2.0.2, 2.1.0]
370,12471141,OPENJPA-1762,Fixed,[2.0.1, 2.1.0],[]
371,12470664,OPENJPA-1757,Fixed,[2.0.0, 2.1.0],[2.1.0]
372,12470528,OPENJPA-1753,Fixed,[2.1.0],[2.0.1, 2.1.0]
373,12470490,OPENJPA-1752,Fixed,[2.0.1, 2.1.0],[2.1.0]
374,12470453,OPENJPA-1751,Fixed,[2.1.0],[2.1.0]
375,12470345,OPENJPA-1749,Fixed,[2.0.0],[2.0.1, 2.1.0]
376,12470042,OPENJPA-1746,Fixed,[1.2.2],[2.1.2, 2.2.0]
377,12469879,OPENJPA-1743,Fixed,[1.2.2, 1.3.0, 2.0.0, 2.1.0],[2.1.0]
378,12469865,OPENJPA-1742,Fixed,[2.0.0],[2.0.1, 2.1.0]
379,12469858,OPENJPA-1740,Fixed,[2.1.0],[2.1.0]
380,12469847,OPENJPA-1738,Fixed,[2.0.0, 2.0.1, 2.1.0],[2.1.0]
381,12469812,OPENJPA-1737,Fixed,[2.0.0],[1.3.0, 2.0.1, 2.1.0]
382,12469803,OPENJPA-1736,Fixed,[2.0.0],[2.1.0]
383,12469473,OPENJPA-1727,Fixed,[2.0.0, 2.1.0],[2.1.0]
384,12469301,OPENJPA-1726,Fixed,[2.1.0],[2.1.0]
385,12469241,OPENJPA-1725,Fixed,[1.2.2, 1.3.0, 2.0.0, 2.1.0],[2.1.1, 2.2.0]
386,12469087,OPENJPA-1722,Fixed,[2.0.0],[2.0.1, 2.1.0]
387,12468724,OPENJPA-1719,Fixed,[2.0.0],[2.0.1, 2.1.0]
388,12468723,OPENJPA-1718,Fixed,[2.0.0],[]
389,12468294,OPENJPA-1714,Fixed,[2.0.0],[2.0.1]
390,12468262,OPENJPA-1713,Fixed,[1.1.0, 1.2.2, 2.0.0],[2.0.1, 2.1.0]
391,12468078,OPENJPA-1710,Fixed,[2.0.0],[2.1.0]
392,12467493,OPENJPA-1704,Fixed,[1.2.2, 2.0.0, 2.1.0],[1.2.3, 2.0.1, 2.1.0]
393,12467292,OPENJPA-1702,Fixed,[1.2.0, 2.0.0],[2.1.0]
394,12467032,OPENJPA-1701,Fixed,[2.1.0],[2.1.0]
395,12466817,OPENJPA-1697,Fixed,[2.1.0],[2.1.0]
396,12466801,OPENJPA-1696,Fixed,[2.0.0],[2.1.0]
397,12466780,OPENJPA-1695,Fixed,[1.1.0, 2.0.0, 2.1.0],[1.2.0, 2.1.0]
398,12466693,OPENJPA-1692,Fixed,[2.0.0, 2.1.0],[2.1.0]
399,12466672,OPENJPA-1691,Fixed,[1.2.2, 2.0.0, 2.0.1],[1.2.3, 1.3.0, 2.0.2, 2.1.0]
400,12466570,OPENJPA-1690,Fixed,[2.0.0],[2.0.1, 2.1.0]
401,12466563,OPENJPA-1689,Fixed,[2.0.0],[2.1.0]
402,12466359,OPENJPA-1685,Fixed,[2.0.0],[2.1.0]
403,12466193,OPENJPA-1682,Fixed,[2.1.0],[1.2.3, 2.0.2, 2.1.0]
404,12465997,OPENJPA-1679,Fixed,[2.0.0],[2.0.1]
405,12465979,OPENJPA-1678,Fixed,[1.0.3, 1.1.0, 1.2.2, 2.0.0, 2.1.0],[1.0.4, 1.2.3, 1.3.0, 2.0.1, 2.1.0]
406,12465795,OPENJPA-1676,Fixed,[2.0.0, 2.1.0],[2.1.0]
407,12464903,OPENJPA-1670,Fixed,[1.2.2, 2.0.0],[2.1.0]
408,12464706,OPENJPA-1668,Fixed,[1.0.3, 1.2.2, 2.0.0],[1.2.3, 1.3.0, 2.0.1, 2.1.0]
409,12464618,OPENJPA-1667,Fixed,[1.3.0, 2.0.0],[1.3.0, 2.1.0]
410,12464360,OPENJPA-1665,Fixed,[2.0.0],[1.2.3, 1.3.0, 2.0.2, 2.1.0]
411,12463567,OPENJPA-1646,Fixed,[1.2.2, 2.0.0],[2.1.0]
412,12463425,OPENJPA-1644,Fixed,[1.2.2, 2.0.0],[1.2.3, 2.1.0]
413,12462443,OPENJPA-1634,Fixed,[2.0.0, 2.1.0],[2.1.0]
414,12461982,OPENJPA-1631,Fixed,[1.2.2, 2.0.0-beta3],[2.0.0]
415,12461981,OPENJPA-1630,Fixed,[1.2.2, 2.0.0-beta3, 2.0.0, 2.0.1, 2.1.0],[2.0.0]
416,12461804,OPENJPA-1627,Fixed,[2.0.0-beta3],[2.1.0]
417,12461787,OPENJPA-1626,Fixed,[1.1.0],[2.1.0]
418,12461714,OPENJPA-1625,Fixed,[2.0.0],[2.0.0]
419,12461547,OPENJPA-1618,Fixed,[2.0.0-beta3],[2.0.0]
420,12461329,OPENJPA-1613,Fixed,[2.0.0-beta2, 2.0.0-beta3],[2.1.0]
421,12461098,OPENJPA-1611,Fixed,[2.0.0],[2.0.0]
422,12460975,OPENJPA-1609,Fixed,[2.0.0],[2.0.0, 2.1.0]
423,12460960,OPENJPA-1608,Fixed,[2.0.0],[2.0.0]
424,12460829,OPENJPA-1605,Fixed,[2.0.0-beta3],[2.0.0]
425,12460738,OPENJPA-1604,Fixed,[2.0.0],[2.0.0]
426,12460578,OPENJPA-1602,Fixed,[2.0.0],[2.0.0]
427,12460186,OPENJPA-1599,Fixed,[2.0.0-beta2, 2.0.0-beta3, 2.0.0],[2.0.0]
428,12460114,OPENJPA-1597,Fixed,[2.0.0-beta3],[1.3.0, 2.0.0]
429,12460029,OPENJPA-1596,Fixed,[2.0.0-beta2],[2.0.0-beta3]
430,12459850,OPENJPA-1590,Fixed,[2.0.0-M3, 2.1.1, 2.2.0],[2.4.0]
431,12459770,OPENJPA-1588,Fixed,[2.0.0],[2.0.0-beta3]
432,12459550,OPENJPA-1584,Fixed,[2.0.0],[2.1.0]
433,12459395,OPENJPA-1580,Fixed,[2.0.0-beta2],[2.0.0-beta3]
434,12459264,OPENJPA-1578,Fixed,[2.0.0-beta2],[2.0.0-beta3]
435,12459253,OPENJPA-1577,Fixed,[2.0.0-beta2],[2.0.0-beta3]
436,12459251,OPENJPA-1576,Fixed,[2.0.0],[2.0.0-beta3]
437,12459182,OPENJPA-1575,Fixed,[2.0.0-beta2],[2.0.0-beta3]
438,12459149,OPENJPA-1573,Fixed,[2.0.0-beta2],[2.0.0-beta3]
439,12459108,OPENJPA-1571,Fixed,[2.0.0-beta2],[2.0.0-beta3]
440,12459020,OPENJPA-1570,Fixed,[2.0.0-beta2],[2.0.0-beta3]
441,12459006,OPENJPA-1569,Fixed,[1.2.2, 2.0.0-beta2],[1.2.3, 2.0.0]
442,12458969,OPENJPA-1568,Fixed,[2.0.0],[2.0.0-beta3]
443,12458864,OPENJPA-1565,Fixed,[2.0.0-M1, 2.0.0-M2, 2.0.0-M3, 2.0.0-beta, 2.0.0-beta2],[2.0.0-beta3]
444,12458836,OPENJPA-1562,Fixed,[2.0.0-beta2],[2.0.0-beta3]
445,12458596,OPENJPA-1559,Fixed,[2.0.0],[2.0.0]
446,12458577,OPENJPA-1558,Fixed,[1.2.3, 1.3.0, 2.0.0],[1.3.0, 2.0.0-beta3]
447,12458565,OPENJPA-1556,Fixed,[2.0.0-beta2],[2.0.0-beta3]
448,12458202,OPENJPA-1550,Fixed,[1.2.2, 1.3.0, 2.0.0-beta2],[1.2.3, 1.3.0, 2.0.0, 2.1.0]
449,12457889,OPENJPA-1547,Fixed,[1.2.2, 2.0.0-beta2, 2.0.0],[2.0.0-beta3]
450,12457858,OPENJPA-1546,Fixed,[2.0.0-beta2],[2.0.0-beta3]
451,12457751,OPENJPA-1544,Fixed,[2.0.0-beta2],[2.0.0-beta3]
452,12457492,OPENJPA-1543,Fixed,[2.0.0-beta2],[2.0.0-beta3]
453,12457487,OPENJPA-1542,Fixed,[2.0.0-beta],[2.0.0-beta3]
454,12457460,OPENJPA-1538,Fixed,[2.0.0-beta2],[2.0.0-beta3]
455,12457359,OPENJPA-1536,Fixed,[2.0.0-beta, 2.0.0-beta2],[2.0.0-beta3]
456,12457344,OPENJPA-1535,Fixed,[1.0.3, 1.1.0, 1.2.2, 2.0.0-beta],[1.3.0, 2.0.0-beta3]
457,12457255,OPENJPA-1533,Fixed,[2.0.0-beta],[2.0.0-beta2]
458,12457126,OPENJPA-1527,Fixed,[2.1.0],[2.0.0-beta]
459,12456798,OPENJPA-1524,Fixed,[2.0.0-beta],[2.0.0-beta3]
460,12456593,OPENJPA-1518,Fixed,[2.0.0-beta],[2.0.0-beta2]
461,12456460,OPENJPA-1515,Fixed,[2.0.0-beta],[2.0.0-beta]
462,12456225,OPENJPA-1510,Fixed,[2.0.0-beta],[2.0.0]
463,12456207,OPENJPA-1509,Fixed,[2.0.0-M3, 2.0.0-beta],[2.0.0-beta2]
464,12456100,OPENJPA-1507,Fixed,[2.0.0-beta],[2.0.0-beta2]
465,12456026,OPENJPA-1506,Fixed,[2.0.0-beta2],[2.0.0-beta3]
466,12455923,OPENJPA-1504,Fixed,[2.0.0-beta],[2.0.0-beta2]
467,12455695,OPENJPA-1501,Fixed,[1.2.2, 1.3.0, 2.0.0],[1.3.0, 2.0.2, 2.1.0]
468,12455690,OPENJPA-1500,Fixed,[1.0.3, 1.2.2],[1.2.3, 1.3.0, 2.0.0-beta3]
469,12455387,OPENJPA-1496,Fixed,[2.0.0-beta],[2.0.0-beta2]
470,12455142,OPENJPA-1494,Fixed,[2.0.0-beta],[2.0.0-beta2]
471,12454958,OPENJPA-1491,Fixed,[2.0.0-beta],[2.0.0-beta3]
472,12446928,OPENJPA-1486,Fixed,[2.0.0-beta, 2.0.0-beta2],[2.0.0-beta3]
473,12446828,OPENJPA-1485,Fixed,[2.0.0-beta],[2.0.0-beta2]
474,12446713,OPENJPA-1483,Fixed,[2.0.0-beta],[1.2.3, 1.3.0, 2.0.0-beta2]
475,12446709,OPENJPA-1482,Fixed,[1.2.2, 1.3.0, 2.0.0-M3, 2.0.0-beta],[1.2.3, 1.3.0, 2.0.0-beta3]
476,12446308,OPENJPA-1478,Fixed,[2.0.0-M3],[1.3.0, 2.0.0-beta]
477,12445849,OPENJPA-1467,Fixed,[2.0.0-M1, 2.0.0-M2, 2.0.0-M3],[2.0.0-beta]
478,12445588,OPENJPA-1461,Fixed,[2.0.0-M3],[2.0.0-beta]
479,12445570,OPENJPA-1460,Fixed,[2.0.0-M3, 2.0.0-beta],[2.0.0-beta2]
480,12445430,OPENJPA-1458,Fixed,[2.0.0-M3],[2.0.0-beta3]
481,12445426,OPENJPA-1457,Fixed,[1.0.4, 1.2.2, 1.3.0],[1.0.4, 1.2.2, 1.3.0]
482,12444936,OPENJPA-1455,Fixed,[2.0.0],[2.0.0-beta3]
483,12444812,OPENJPA-1454,Fixed,[2.0.0-M3],[2.1.0]
484,12444508,OPENJPA-1452,Fixed,[2.0.0-M3],[2.0.0-beta]
485,12444086,OPENJPA-1445,Fixed,[2.0.0-beta],[2.0.0-beta]
486,12444071,OPENJPA-1444,Fixed,[2.0.0-beta],[2.0.0-beta]
487,12444057,OPENJPA-1442,Fixed,[2.0.0-M3],[2.0.0-beta]
488,12443939,OPENJPA-1441,Fixed,[1.2.2, 1.3.0, 2.0.0-beta],[1.2.2, 1.3.0, 2.0.0-beta]
489,12443865,OPENJPA-1439,Fixed,[2.0.0],[2.0.0-beta]
490,12443825,OPENJPA-1438,Fixed,[2.0.0],[2.0.0-beta3]
491,12443551,OPENJPA-1435,Fixed,[2.0.0-M3],[2.0.0-beta]
492,12443492,OPENJPA-1432,Fixed,[2.0.0-M3],[2.0.0-beta]
493,12443432,OPENJPA-1431,Fixed,[2.0.0-M3],[2.0.0-beta]
494,12443011,OPENJPA-1424,Fixed,[1.2.1],[1.2.3, 1.3.0, 2.0.1, 2.1.0]
495,12442758,OPENJPA-1421,Fixed,[1.2.2, 1.3.0],[1.2.2, 1.3.0]
496,12442739,OPENJPA-1419,Fixed,[2.0.0-beta],[2.0.0-beta]
497,12442403,OPENJPA-1413,Fixed,[2.0.0-M3],[1.3.0, 2.0.0-beta]
498,12442243,OPENJPA-1410,Fixed,[2.0.0-M3, 2.0.0-beta, 2.0.0-beta2],[2.0.0-beta3]
499,12442119,OPENJPA-1407,Fixed,[1.1.0],[1.2.0]
500,12442107,OPENJPA-1406,Fixed,[2.0.0],[1.3.0, 2.0.0-beta3]
501,12441721,OPENJPA-1401,Fixed,[2.0.0-M3],[1.3.0, 2.0.0-beta]
502,12441523,OPENJPA-1400,Fixed,[1.2.1, 2.0.0-M3],[1.2.2, 1.3.0, 2.0.0-beta]
503,12441180,OPENJPA-1397,Fixed,[1.2.1, 2.0.0-M3],[1.2.2, 1.3.0, 2.0.0-beta]
504,12441146,OPENJPA-1396,Fixed,[2.0.0-M3],[2.0.0-beta]
505,12441056,OPENJPA-1394,Fixed,[2.0.0-M3],[2.0.0-beta]
506,12440994,OPENJPA-1393,Fixed,[2.0.0-M3],[2.0.0-beta]
507,12440993,OPENJPA-1392,Fixed,[2.0.0-M3],[2.0.0-beta]
508,12440971,OPENJPA-1391,Fixed,[2.0.0-M3],[2.0.0-beta]
509,12440961,OPENJPA-1390,Fixed,[2.0.0-M3],[2.0.0-beta]
510,12440838,OPENJPA-1388,Fixed,[1.3.0],[1.3.0, 2.0.0-beta]
511,12440619,OPENJPA-1387,Fixed,[1.2.3, 2.0.0-M3],[1.2.3, 2.0.0-beta]
512,12440584,OPENJPA-1386,Fixed,[2.0.0-M3],[2.0.0-beta]
513,12440555,OPENJPA-1385,Fixed,[2.0.0-M3],[2.0.0-beta]
514,12440529,OPENJPA-1384,Fixed,[1.2.1],[1.2.2, 1.3.0, 2.0.0-beta]
515,12440500,OPENJPA-1383,Fixed,[2.0.0-M2],[2.0.0-beta]
516,12440421,OPENJPA-1381,Fixed,[2.0.0],[2.0.0-beta]
517,12440367,OPENJPA-1380,Fixed,[1.2.1],[1.3.0, 2.0.0-beta]
518,12440211,OPENJPA-1379,Fixed,[2.0.0-M3],[2.0.0-beta]
519,12440071,OPENJPA-1377,Fixed,[2.0.0-M3],[2.0.0-beta]
520,12439900,OPENJPA-1376,Fixed,[1.2.1, 2.0.0-M3, 2.1.0],[1.2.3, 1.3.0, 2.0.2, 2.1.2, 2.2.0]
521,12439892,OPENJPA-1375,Fixed,[1.3.0, 2.0.0-M3],[1.3.0, 2.0.0-beta]
522,12439611,OPENJPA-1372,Fixed,[1.2.1, 2.0.0-M3],[2.0.2, 2.1.0]
523,12439580,OPENJPA-1371,Fixed,[2.0.0-M3],[2.0.0-M3]
524,12439572,OPENJPA-1370,Fixed,[2.0.0-M3],[2.0.0-beta]
525,12439523,OPENJPA-1367,Fixed,[1.2.1, 2.0.0-M1, 2.0.0-M2, 2.0.0-M3, 2.0.0-beta],[1.3.0, 2.0.0-beta2]
526,12438938,OPENJPA-1360,Fixed,[1.2.2],[1.3.0, 2.0.0-beta3]
527,12438580,OPENJPA-1355,Fixed,[2.0.0-beta],[2.0.0-beta]
528,12438171,OPENJPA-1352,Fixed,[2.0.0-M3],[2.0.0-beta]
529,12438142,OPENJPA-1351,Fixed,[2.0.0-M3],[2.0.0-beta]
530,12438100,OPENJPA-1350,Fixed,[1.0.3, 1.2.1, 2.0.0-M3],[1.2.3, 1.3.0, 2.0.0-beta]
531,12438038,OPENJPA-1349,Fixed,[2.0.0-beta],[2.0.0-beta]
532,12437821,OPENJPA-1344,Fixed,[2.0.0-M2, 2.0.0-M3],[2.0.0-beta]
533,12437810,OPENJPA-1343,Fixed,[2.0.0],[2.2.0]
534,12437651,OPENJPA-1341,Fixed,[2.0.0],[2.0.0-beta]
535,12437409,OPENJPA-1338,Fixed,[2.0.0],[2.0.0-M3]
536,12437130,OPENJPA-1335,Fixed,[2.0.0-M2],[2.0.0-M3]
537,12437036,OPENJPA-1333,Fixed,[2.0.0-M3],[2.0.0-M3]
538,12436629,OPENJPA-1328,Fixed,[1.2.0, 1.2.1],[1.0.4, 1.2.2, 1.3.0, 2.0.0-beta]
539,12436426,OPENJPA-1326,Fixed,[1.2.1],[1.2.2, 1.3.0, 2.0.0-beta]
540,12436419,OPENJPA-1325,Fixed,[2.0.0-M3],[2.0.0-M3]
541,12436236,OPENJPA-1321,Fixed,[1.2.1],[1.3.0, 2.0.0-beta]
542,12436067,OPENJPA-1308,Fixed,[1.0.3, 1.2.1, 2.0.0-M2, 2.0.0-M3],[1.0.4, 1.2.2, 1.3.0, 2.0.0-beta]
543,12435837,OPENJPA-1303,Fixed,[2.0.0],[3.2.0]
544,12435743,OPENJPA-1302,Fixed,[1.0.3, 1.1.0, 1.2.1, 2.0.0-M2],[2.0.0-M3]
545,12435487,OPENJPA-1295,Fixed,[1.0.3, 1.1.0, 1.2.1, 1.3.0, 2.0.0-M2],[2.0.0-M3]
546,12435480,OPENJPA-1294,Fixed,[2.0.0-M3],[2.0.0-beta]
547,12435457,OPENJPA-1293,Fixed,[2.0.0-M3],[2.0.0-beta]
548,12435247,OPENJPA-1289,Fixed,[1.2.2, 2.0.0-M3],[1.2.3, 1.3.0, 2.0.0-beta]
549,12434783,OPENJPA-1286,Fixed,[2.0.0-M2],[2.0.0-M3]
550,12434676,OPENJPA-1284,Fixed,[1.0.3, 1.1.0, 1.2.1, 1.3.0, 2.0.0-M3],[1.3.0, 2.0.0-M3]
551,12434675,OPENJPA-1283,Fixed,[2.0.0-M2],[2.0.0-M3]
552,12434574,OPENJPA-1281,Fixed,[2.0.0-M2],[2.0.0-M3]
553,12434547,OPENJPA-1279,Fixed,[2.0.0-M2],[2.0.0-M3]
554,12434240,OPENJPA-1269,Fixed,[2.0.0-M2],[2.0.0-M3]
555,12433905,OPENJPA-1263,Fixed,[1.1.0, 1.2.0, 1.2.1, 1.3.0],[1.3.0, 2.0.0-beta]
556,12433797,OPENJPA-1260,Fixed,[1.3.0, 2.0.0],[1.2.0, 1.3.0, 2.0.0-M3]
557,12433510,OPENJPA-1256,Fixed,[2.0.0-M2],[2.0.0-M3]
558,12433473,OPENJPA-1253,Fixed,[2.0.0-M1, 2.0.0-M2, 2.0.0-M3],[2.0.0-M3]
559,12433250,OPENJPA-1250,Fixed,[2.0.0-M2],[2.0.0-M3]
560,12433149,OPENJPA-1248,Fixed,[1.1.0, 1.2.0, 1.2.1, 1.2.2, 1.3.0],[1.3.0, 2.0.0-beta3]
561,12432995,OPENJPA-1244,Fixed,[1.0.3],[1.0.4]
562,12432986,OPENJPA-1243,Fixed,[1.0.4],[1.0.4]
563,12432914,OPENJPA-1242,Fixed,[2.0.0-M2],[2.0.0-M3]
564,12432817,OPENJPA-1239,Fixed,[2.0.0-M3],[2.0.0-M3]
565,12432553,OPENJPA-1232,Fixed,[2.0.0-M2],[2.0.0-M3]
566,12432427,OPENJPA-1230,Fixed,[2.0.0-M3],[2.0.0-M3]
567,12432298,OPENJPA-1227,Fixed,[1.2.1],[1.3.0, 2.0.0-M3]
568,12432116,OPENJPA-1224,Fixed,[1.2.1],[1.3.0, 2.0.0-beta]
569,12432086,OPENJPA-1221,Fixed,[2.0.0],[2.0.0-M3]
570,12431940,OPENJPA-1218,Fixed,[2.0.0-M1, 2.0.0-M2, 2.0.0],[2.0.0-M3]
571,12431899,OPENJPA-1217,Fixed,[2.0.0-M2],[2.0.0-M3]
572,12431808,OPENJPA-1211,Fixed,[2.0.0-M2],[2.0.0-M3]
573,12431718,OPENJPA-1206,Fixed,[2.0.0-M2, 2.0.0],[2.0.0-M3]
574,12431715,OPENJPA-1205,Fixed,[1.2.1],[2.0.0-M3]
575,12431654,OPENJPA-1203,Fixed,[2.0.0],[2.0.0-M3]
576,12431617,OPENJPA-1201,Fixed,[1.2.0, 1.2.1],[1.3.0, 2.0.0-M3]
577,12431612,OPENJPA-1200,Fixed,[2.0.0-M2],[1.2.0, 2.0.0-M3]
578,12431515,OPENJPA-1197,Fixed,[1.0.3, 1.2.1],[1.0.4, 1.2.2, 1.3.0, 2.0.0-beta]
579,12431056,OPENJPA-1189,Fixed,[2.0.0-beta],[2.0.0-beta]
580,12430947,OPENJPA-1185,Fixed,[2.0.0-M3],[1.3.0, 2.0.0-beta]
581,12430939,OPENJPA-1184,Fixed,[1.2.1],[1.3.0, 2.0.0-M3]
582,12430079,OPENJPA-1174,Fixed,[2.0.0],[1.2.0, 2.0.0-M3]
583,12429844,OPENJPA-1165,Fixed,[1.2.1, 1.3.0],[1.3.0]
584,12429521,OPENJPA-1159,Fixed,[2.0.0-M2],[2.0.0-M3]
585,12429508,OPENJPA-1158,Fixed,[2.0.0],[1.3.0, 2.0.0-M3]
586,12429404,OPENJPA-1156,Fixed,[1.2.2, 1.3.0, 2.0.0],[1.2.2, 1.3.0, 2.0.0-M3]
587,12429397,OPENJPA-1155,Fixed,[2.0.0],[2.0.0-M3]
588,12428598,OPENJPA-1142,Fixed,[2.0.0-M3],[2.0.0-beta]
589,12428375,OPENJPA-1141,Fixed,[1.2.0],[1.2.2, 1.3.0, 2.0.0-beta]
590,12428151,OPENJPA-1139,Fixed,[2.0.0],[2.0.0-M3]
591,12427677,OPENJPA-1135,Fixed,[2.0.0],[2.0.0-M3]
592,12427606,OPENJPA-1133,Fixed,[2.0.0],[1.2.0, 2.0.0-M3]
593,12427582,OPENJPA-1132,Fixed,[1.3.0, 2.0.0],[2.0.0-M3]
594,12427388,OPENJPA-1129,Fixed,[2.0.0],[2.0.0-M2, 2.0.0-M3]
595,12427276,OPENJPA-1127,Fixed,[1.2.1, 2.0.0],[2.0.0-M3]
596,12427229,OPENJPA-1125,Fixed,[2.0.0],[2.0.0-M3]
597,12427202,OPENJPA-1121,Fixed,[1.2.1],[1.3.0, 2.0.0-M3]
598,12427192,OPENJPA-1120,Fixed,[1.0.3, 1.1.0, 1.2.1, 1.3.0, 2.0.0],[1.3.0, 2.0.0-M3]
599,12427147,OPENJPA-1119,Fixed,[2.0.0],[2.0.0-M3]
600,12427049,OPENJPA-1117,Fixed,[2.0.0],[2.0.0-M3]
601,12427028,OPENJPA-1116,Fixed,[1.3.0, 2.0.0-M2],[1.3.0, 2.0.0-M3]
602,12426109,OPENJPA-1100,Fixed,[1.2.1, 1.3.0, 2.0.0-M2],[2.0.0-M3]
603,12426042,OPENJPA-1099,Fixed,[1.1.0, 1.2.0, 1.2.1],[2.0.0-M2]
604,12426020,OPENJPA-1097,Fixed,[1.2.2, 1.3.0, 2.0.0-M1],[1.3.0, 2.0.0-beta3]
605,12425610,OPENJPA-1091,Fixed,[1.2.1, 2.0.0-M2],[1.2.3, 1.3.0, 2.0.0]
606,12425591,OPENJPA-1088,Fixed,[1.3.0, 2.0.0-M2],[1.3.0, 2.0.0-M2]
607,12424940,OPENJPA-1074,Fixed,[2.0.0-M2],[2.0.0-M3]
608,12424829,OPENJPA-1072,Fixed,[2.0.0-M2],[2.0.0-M2]
609,12424800,OPENJPA-1070,Fixed,[1.2.1, 2.0.0-M2],[2.0.0-M2]
610,12424719,OPENJPA-1067,Fixed,[1.0.3, 1.2.1, 1.3.0, 2.0.0-M2],[1.0.4, 1.2.2, 1.3.0, 2.0.0-M2]
611,12424648,OPENJPA-1065,Fixed,[2.0.0-M2],[2.0.0-M3]
612,12424625,OPENJPA-1061,Fixed,[1.2.0, 1.2.1],[1.0.4, 1.2.2, 1.3.0, 2.0.0-M3]
613,12424543,OPENJPA-1060,Fixed,[2.0.0-M2],[2.0.0-M2]
614,12424125,OPENJPA-1053,Fixed,[2.0.0-M2],[2.0.0-M2]
615,12424056,OPENJPA-1051,Fixed,[1.0.0, 2.0.0-M2],[1.2.0, 2.0.0-M2]
616,12423531,OPENJPA-1049,Fixed,[1.2.1, 1.3.0, 2.0.0-M2],[2.0.0-M3]
617,12423380,OPENJPA-1043,Fixed,[1.2.1, 1.3.0, 2.0.0-M2],[2.0.0-M3]
618,12422962,OPENJPA-1041,Fixed,[2.0.0-M2],[2.0.0-M2]
619,12422393,OPENJPA-1029,Fixed,[2.0.0-M2],[1.0.4, 1.2.2, 1.3.0, 2.0.0-M2]
620,12422304,OPENJPA-1028,Fixed,[2.0.0-M2],[2.0.0-M2]
621,12422203,OPENJPA-1025,Fixed,[1.2.1, 1.3.0, 2.0.0-M2],[1.0.4, 1.2.2, 1.3.0, 2.0.0-beta]
622,12421989,OPENJPA-1020,Fixed,[1.2.1, 2.0.0-M2],[2.0.0-beta]
623,12421572,OPENJPA-1006,Fixed,[1.2.1, 2.0.0-M2],[1.2.0, 2.0.0-M2]
624,12421561,OPENJPA-1004,Fixed,[1.2.2, 2.0.0-M2],[2.0.0-M2]
625,12421534,OPENJPA-1002,Fixed,[1.1.0, 1.2.1, 1.3.0, 2.0.0-M2],[1.2.0, 2.0.0-M3]
626,12421510,OPENJPA-1001,Fixed,[1.2.1],[1.2.3, 1.3.0, 2.0.0-beta2]
627,12419407,OPENJPA-999,Fixed,[2.0.0-M2],[2.0.0-M2]
628,12417380,OPENJPA-993,Fixed,[1.2.0, 1.2.1],[1.3.0, 2.0.0-beta]
629,12417325,OPENJPA-992,Fixed,[1.2.2, 1.3.0, 2.0.0-M2],[2.0.0-M2]
630,12416552,OPENJPA-970,Fixed,[1.2.0],[1.3.0, 2.0.0-M2]
631,12416339,OPENJPA-965,Fixed,[2.0.0-M2],[2.0.0-M2]
632,12416213,OPENJPA-955,Fixed,[1.2.0],[2.0.0-M1, 2.0.0-M2]
633,12416018,OPENJPA-951,Fixed,[1.0.4, 1.2.1, 1.3.0, 2.0.0-M2],[1.0.4, 1.2.1, 1.3.0, 2.0.0-M2]
634,12415888,OPENJPA-947,Fixed,[1.0.3, 1.1.0, 1.2.0],[1.3.0, 2.0.0-M2]
635,12415697,OPENJPA-944,Fixed,[1.0.0, 1.0.1, 1.0.2, 1.0.3, 1.1.0, 1.2.0],[2.0.0-beta]
636,12415537,OPENJPA-940,Fixed,[1.2.0, 2.0.0-M2],[2.1.1]
637,12415279,OPENJPA-935,Fixed,[1.2.0],[1.2.0, 2.0.0-M2]
638,12415276,OPENJPA-934,Fixed,[2.0.0-M2],[2.0.0-M3]
639,12415270,OPENJPA-933,Fixed,[1.2.0, 1.3.0, 2.0.0-M2],[1.3.0, 2.0.0-M2]
640,12415255,OPENJPA-932,Fixed,[1.2.0, 2.0.0-M1, 2.0.0-M2],[1.3.0, 2.0.0-M3]
641,12415069,OPENJPA-927,Fixed,[2.0.0-M2],[2.0.0-M2]
642,12415018,OPENJPA-925,Fixed,[1.2.0, 1.2.1, 1.3.0, 2.0.0-M1, 2.0.0-M2],[1.2.1, 1.3.0, 2.0.0-M2]
643,12414883,OPENJPA-922,Fixed,[1.2.0, 2.0.0-M2],[2.0.0-M3]
644,12414494,OPENJPA-917,Fixed,[1.2.0],[1.0.4, 1.2.1, 1.3.0, 2.0.0-M2]
645,12414419,OPENJPA-916,Fixed,[1.1.0, 1.2.0, 1.3.0, 2.0.0-M2],[2.0.0-M2]
646,12414352,OPENJPA-913,Fixed,[1.2.0],[1.2.0, 2.0.0-M2]
647,12414319,OPENJPA-912,Fixed,[1.2.0, 1.2.1, 1.3.0, 2.0.0-M1, 2.0.0-M2],[1.2.1, 1.3.0, 2.0.0-M2]
648,12414027,OPENJPA-898,Fixed,[1.2.0],[1.3.0, 2.0.0-M2]
649,12414006,OPENJPA-896,Fixed,[1.0.3, 1.1.0, 1.2.0],[1.0.4, 1.2.2, 1.3.0, 2.0.0-M2]
650,12413816,OPENJPA-890,Fixed,[1.0.3, 1.1.0, 1.2.0, 2.0.0-M1, 2.0.0-M2],[2.0.0-M3]
651,12413724,OPENJPA-887,Fixed,[1.3.0, 2.0.0-M1, 2.0.0-M2],[1.3.0, 2.0.0-M2]
652,12413662,OPENJPA-886,Fixed,[2.0.0-M2],[2.0.0-M1, 2.0.0-M2]
653,12413623,OPENJPA-884,Fixed,[1.2.0, 1.2.1, 1.3.0, 2.0.0-M1, 2.0.0-M2],[1.3.0, 2.0.0-M2]
654,12413618,OPENJPA-883,Fixed,[1.2.0, 1.2.1, 1.3.0, 2.0.0-M1, 2.0.0-M2],[1.3.0, 2.0.0-M2]
655,12413299,OPENJPA-873,Fixed,[1.2.0],[1.0.4, 1.2.2, 1.3.0, 2.0.0-M2]
656,12413221,OPENJPA-872,Fixed,[1.2.0],[1.2.1, 1.3.0, 2.0.0-M2]
657,12413100,OPENJPA-867,Fixed,[1.2.0, 2.0.0-M2],[2.2.0]
658,12413092,OPENJPA-866,Fixed,[1.2.0, 1.3.0, 2.0.0-M2],[1.3.0, 2.0.0-M2]
659,12412951,OPENJPA-864,Fixed,[1.0.3, 1.2.0],[1.0.4, 1.2.1, 1.3.0, 2.0.0-M2]
660,12412762,OPENJPA-863,Fixed,[1.2.0, 2.0.0-M2],[1.3.0, 2.0.0-M2]
661,12412683,OPENJPA-862,Fixed,[1.2.0],[1.2.1]
662,12412498,OPENJPA-860,Fixed,[1.2.0],[1.3.0]
663,12412382,OPENJPA-859,Fixed,[2.0.0-M2],[2.0.0-beta]
664,12411987,OPENJPA-853,Fixed,[1.2.0],[1.2.1, 1.3.0, 2.0.0-M2]
665,12411523,OPENJPA-847,Fixed,[2.0.0-M2],[1.3.0, 2.0.0-M2]
666,12411187,OPENJPA-843,Fixed,[2.0.0-M2],[1.2.1, 1.3.0, 2.0.0-M2]
667,12411068,OPENJPA-838,Fixed,[1.2.0],[1.2.1, 1.3.0, 2.0.0-M2]
668,12411045,OPENJPA-836,Fixed,[1.2.0, 1.3.0],[1.3.0, 2.0.0-M2]
669,12411017,OPENJPA-835,Fixed,[1.2.0, 1.2.1, 1.3.0, 2.0.0-M2],[1.2.1, 1.3.0, 2.0.0-M2]
670,12411004,OPENJPA-834,Fixed,[1.3.0, 2.0.0-M2],[1.3.0, 2.0.0-M2]
671,12410528,OPENJPA-825,Fixed,[2.0.0-M2],[2.0.0-M1]
672,12410326,OPENJPA-821,Fixed,[2.0.0-M1],[2.0.0-M1]
673,12410312,OPENJPA-820,Fixed,[2.0.0-M2],[]
674,12410224,OPENJPA-819,Fixed,[2.0.0-M2],[2.0.0-M2]
675,12410112,OPENJPA-818,Fixed,[2.0.0-M2],[2.0.0-M2]
676,12409867,OPENJPA-812,Fixed,[2.0.0-M1],[2.0.0-M1]
677,12409788,OPENJPA-811,Fixed,[1.2.0, 2.0.0-M2],[1.2.1, 1.3.0, 2.0.0-M2]
678,12409567,OPENJPA-801,Fixed,[2.0.0-M1],[2.0.0-M1]
679,12409520,OPENJPA-799,Fixed,[2.0.0-M1],[2.0.0-M1]
680,12409470,OPENJPA-798,Fixed,[2.0.0-M2],[2.0.0-M2]
681,12409467,OPENJPA-797,Fixed,[2.0.0-M2],[]
682,12409401,OPENJPA-795,Fixed,[1.2.0],[1.3.0, 2.0.0-M2]
683,12409358,OPENJPA-794,Fixed,[2.0.0-M1],[2.0.0-M1]
684,12409296,OPENJPA-792,Fixed,[2.0.0-M2],[1.3.0, 2.0.0-M2]
685,12409284,OPENJPA-789,Fixed,[2.0.0-M2],[2.0.0-M3]
686,12409239,OPENJPA-787,Fixed,[2.0.0-M2],[2.0.0-M2]
687,12408961,OPENJPA-777,Fixed,[1.2.0, 1.2.1, 1.3.0, 2.0.0-M2],[1.2.1, 1.3.0, 2.0.0-M2]
688,12408793,OPENJPA-774,Fixed,[1.1.0, 1.2.0, 1.3.0, 2.0.0-M2],[1.3.0, 2.0.0-beta3]
689,12407809,OPENJPA-762,Fixed,[1.2.0],[1.2.1, 1.3.0, 2.0.0-M2]
690,12407802,OPENJPA-761,Fixed,[1.0.4, 1.1.0, 1.2.1, 1.3.0, 2.0.0-M2],[1.3.0, 2.0.0-M2]
691,12407285,OPENJPA-753,Fixed,[1.2.1, 1.3.0],[]
692,12407114,OPENJPA-751,Fixed,[1.3.0],[1.3.0, 2.0.0-M2]
693,12406711,OPENJPA-750,Fixed,[1.3.0],[1.3.0]
694,12406615,OPENJPA-748,Fixed,[1.2.0, 1.3.0],[2.0.0-beta]
695,12406339,OPENJPA-745,Fixed,[1.2.0],[1.2.1, 1.3.0]
696,12406176,OPENJPA-743,Fixed,[1.2.0],[]
697,12405967,OPENJPA-740,Fixed,[1.2.0, 1.2.1, 1.2.2, 1.3.0, 2.0.0-M3, 2.0.0-beta, 2.0.0-beta2],[1.3.0, 2.0.0-beta3]
698,12405163,OPENJPA-733,Fixed,[1.2.0],[1.2.1, 1.3.0]
699,12405004,OPENJPA-732,Fixed,[1.2.1, 1.3.0],[1.2.2, 2.0.0-M2]
700,12404757,OPENJPA-731,Fixed,[1.2.0, 1.2.1],[1.2.1, 1.3.0]
701,12404303,OPENJPA-724,Fixed,[1.2.0, 1.3.0],[1.0.4, 1.2.1, 1.3.0]
702,12404089,OPENJPA-719,Fixed,[1.0.3, 1.0.4, 1.1.0, 1.2.0, 1.2.1, 1.3.0],[1.2.1, 1.3.0]
703,12403677,OPENJPA-715,Fixed,[1.0.0, 1.1.0, 1.2.0],[1.0.4, 1.2.1, 1.3.0]
704,12403675,OPENJPA-714,Fixed,[1.1.0, 1.2.0],[1.2.2, 1.3.0, 2.0.0-beta]
705,12403673,OPENJPA-713,Fixed,[1.0.3, 1.2.0],[1.0.4, 1.2.1, 1.3.0]
706,12403621,OPENJPA-712,Fixed,[1.2.1, 1.3.0],[1.2.3, 1.3.0]
707,12403595,OPENJPA-711,Fixed,[1.2.0, 1.3.0],[1.0.4, 1.2.1, 1.3.0]
708,12403562,OPENJPA-710,Fixed,[1.0.0, 1.0.1, 1.0.2, 1.0.3, 1.0.4, 1.1.0, 1.2.0, 1.2.1, 1.3.0],[1.0.4, 1.2.0, 1.2.1, 1.3.0]
709,12402997,OPENJPA-702,Fixed,[1.3.0],[1.2.1, 1.3.0]
710,12402892,OPENJPA-700,Fixed,[1.3.0],[1.3.0]
711,12402891,OPENJPA-699,Fixed,[1.0.0],[2.0.0-M1]
712,12402836,OPENJPA-697,Fixed,[2.0.0],[1.3.0]
713,12402799,OPENJPA-696,Fixed,[1.0.0, 1.0.1, 1.0.2, 1.0.3, 1.1.0, 1.2.0],[2.3.0]
714,12402649,OPENJPA-695,Fixed,[1.2.0],[1.3.0]
715,12401950,OPENJPA-680,Fixed,[1.2.0, 1.2.1, 1.3.0],[1.2.0, 1.2.2, 1.3.0, 2.0.0-M1]
716,12401913,OPENJPA-678,Fixed,[1.1.0],[0.9.7, 1.2.0, 1.3.0]
717,12401800,OPENJPA-677,Fixed,[1.1.0, 1.2.0, 1.2.1, 1.3.0],[1.2.3, 1.3.0, 2.0.0-M1]
718,12401793,OPENJPA-676,Fixed,[1.2.0, 1.3.0],[1.2.1]
719,12401267,OPENJPA-670,Fixed,[1.2.0, 1.3.0],[1.2.0, 1.3.0]
720,12401190,OPENJPA-669,Fixed,[0.9.6, 0.9.7, 1.0.0, 1.0.1, 1.0.2, 1.0.3, 1.1.0],[1.2.0]
721,12401185,OPENJPA-668,Fixed,[1.2.0],[1.2.0]
722,12400364,OPENJPA-660,Fixed,[1.0.0, 1.0.1, 1.0.2, 1.0.3, 1.0.4, 1.1.0, 1.2.0],[1.2.0]
723,12400230,OPENJPA-659,Fixed,[1.1.0],[1.2.0]
724,12400050,OPENJPA-656,Fixed,[1.2.0],[1.2.0]
725,12399810,OPENJPA-654,Fixed,[1.1.0],[1.2.0]
726,12399726,OPENJPA-653,Fixed,[1.2.0],[1.2.0]
727,12399467,OPENJPA-650,Fixed,[1.0.2, 1.0.3, 1.1.0, 1.2.0],[1.0.4, 1.2.1, 1.3.0]
728,12399304,OPENJPA-647,Fixed,[1.1.0],[1.2.0]
729,12399184,OPENJPA-646,Fixed,[1.2.0],[1.2.1, 1.3.0]
730,12399111,OPENJPA-645,Fixed,[1.0.3, 1.1.0],[1.0.4, 1.2.0, 1.3.0, 2.0.0-M1]
731,12399110,OPENJPA-644,Fixed,[1.2.0],[1.0.4, 1.2.0]
732,12398823,OPENJPA-640,Fixed,[1.0.2, 1.1.0, 1.2.0],[2.0.0-beta3]
733,12398364,OPENJPA-637,Fixed,[1.2.0],[1.2.0]
734,12398017,OPENJPA-634,Fixed,[1.2.0],[1.2.0]
735,12397984,OPENJPA-632,Fixed,[1.0.1, 1.0.2],[1.0.3]
736,12397845,OPENJPA-630,Fixed,[1.0.2, 1.1.0],[1.2.0]
737,12397825,OPENJPA-629,Fixed,[1.2.0],[1.0.4, 1.2.0]
738,12397816,OPENJPA-628,Fixed,[1.1.0],[1.2.0]
739,12397581,OPENJPA-625,Fixed,[1.1.0],[1.2.0]
740,12397505,OPENJPA-622,Fixed,[1.0.3, 1.1.0, 1.2.0],[1.0.4, 1.2.0]
741,12397311,OPENJPA-619,Fixed,[1.1.0],[1.2.0]
742,12397095,OPENJPA-618,Fixed,[1.1.0],[]
743,12396467,OPENJPA-606,Fixed,[1.2.0],[1.0.4, 1.2.0]
744,12396006,OPENJPA-602,Fixed,[1.1.0],[1.2.0]
745,12395679,OPENJPA-597,Fixed,[1.1.0],[1.1.0]
746,12395647,OPENJPA-595,Fixed,[1.2.0],[1.1.0, 1.2.0]
747,12395643,OPENJPA-594,Fixed,[1.0.1, 1.0.2],[1.0.4, 1.1.0, 1.2.0]
748,12395211,OPENJPA-587,Fixed,[1.1.0],[1.1.0]
749,12395152,OPENJPA-585,Fixed,[1.1.0],[1.1.0]
750,12394613,OPENJPA-581,Fixed,[1.0.3, 1.1.0, 1.2.0],[1.2.0]
751,12394469,OPENJPA-579,Fixed,[1.1.0],[1.1.0]
752,12394345,OPENJPA-577,Fixed,[1.1.0],[1.1.0]
753,12394163,OPENJPA-574,Fixed,[1.1.0, 1.2.0],[1.2.0]
754,12394155,OPENJPA-573,Fixed,[1.0.2, 1.1.0],[1.0.4, 1.1.0, 1.2.0]
755,12393768,OPENJPA-568,Fixed,[1.1.0],[1.1.0]
756,12393637,OPENJPA-567,Fixed,[1.0.2],[1.1.0, 1.2.0]
757,12393501,OPENJPA-566,Fixed,[1.0.2],[]
758,12393479,OPENJPA-565,Fixed,[1.0.2, 1.0.3, 1.1.0],[1.0.3, 1.1.0, 1.2.0]
759,12393460,OPENJPA-562,Fixed,[1.1.0],[1.1.0]
760,12393154,OPENJPA-559,Fixed,[1.0.3, 1.1.0],[1.0.3, 1.1.0]
761,12393093,OPENJPA-557,Fixed,[1.0.2],[1.3.0, 2.0.0-M2]
762,12392967,OPENJPA-554,Fixed,[1.0.2],[1.0.3]
763,12392960,OPENJPA-552,Fixed,[1.0.2, 1.0.3, 1.1.0],[1.0.3, 1.1.0]
764,12392850,OPENJPA-550,Fixed,[1.0.2],[1.3.0]
765,12392195,OPENJPA-543,Fixed,[1.0.0, 1.0.1, 1.0.2],[1.0.3, 1.1.0]
766,12392192,OPENJPA-542,Fixed,[1.0.0, 1.0.1, 1.0.2],[1.0.3, 1.1.0]
767,12391919,OPENJPA-540,Fixed,[1.0.0, 1.0.1, 1.0.2, 1.0.3, 1.1.0],[1.0.3, 1.1.0]
768,12391913,OPENJPA-539,Fixed,[1.1.0],[1.1.0]
769,12391600,OPENJPA-537,Fixed,[1.0.0, 1.0.1, 1.0.2],[1.0.3, 1.1.0]
770,12390908,OPENJPA-536,Fixed,[1.0.2, 1.0.3],[0.9.7-r547073, 1.0.4, 1.1.0]
771,12390765,OPENJPA-535,Fixed,[1.0.2],[1.0.3, 1.1.0]
772,12390340,OPENJPA-533,Fixed,[1.0.0],[1.2.0]
773,12390281,OPENJPA-532,Fixed,[1.1.0],[1.1.0]
774,12390015,OPENJPA-530,Fixed,[1.1.0],[1.1.0]
775,12389807,OPENJPA-527,Fixed,[1.0.2],[1.0.3]
776,12389723,OPENJPA-526,Fixed,[1.0.0, 1.0.2, 1.1.0, 1.2.0],[2.1.0]
777,12389721,OPENJPA-525,Fixed,[1.0.0, 1.0.2, 1.1.0, 1.2.1, 2.0.0],[1.2.0, 1.3.0, 2.0.0-M3]
778,12389607,OPENJPA-524,Fixed,[1.0.2],[]
779,12388826,OPENJPA-518,Fixed,[1.0.1],[1.0.3, 1.1.0]
780,12388710,OPENJPA-516,Fixed,[1.0.0, 1.0.1, 1.0.2],[1.1.0]
781,12388149,OPENJPA-512,Fixed,[0.9.0, 0.9.6, 0.9.7, 1.0.0, 1.0.1],[1.0.3, 1.1.0]
782,12387935,OPENJPA-511,Fixed,[1.0.1],[1.0.2, 1.1.0]
783,12387668,OPENJPA-508,Fixed,[1.0.0, 1.0.1],[1.0.2, 1.1.0]
784,12387565,OPENJPA-506,Fixed,[1.1.0],[1.0.2, 1.1.0]
785,12387408,OPENJPA-505,Fixed,[1.1.0],[1.1.0]
786,12386661,OPENJPA-498,Fixed,[1.1.0],[1.1.0]
787,12386583,OPENJPA-497,Fixed,[1.0.1],[1.3.0]
788,12386359,OPENJPA-494,Fixed,[1.0.0, 1.0.1, 1.1.0],[1.2.0]
789,12386357,OPENJPA-493,Fixed,[1.0.0, 1.0.1],[1.0.3, 1.2.0]
790,12386336,OPENJPA-489,Fixed,[1.0.0, 1.0.1],[1.1.0]
791,12386057,OPENJPA-484,Fixed,[1.0.1, 1.1.0],[1.1.0]
792,12385941,OPENJPA-481,Fixed,[1.1.0],[]
793,12385784,OPENJPA-478,Fixed,[1.2.2, 2.1.0],[2.2.0]
794,12384986,OPENJPA-472,Fixed,[1.0.1],[1.0.2, 1.1.0]
795,12384980,OPENJPA-471,Fixed,[1.0.1],[1.0.2, 1.1.0]
796,12384952,OPENJPA-470,Fixed,[0.9.0, 0.9.6, 0.9.7, 1.0.0, 1.0.1],[1.2.0]
797,12384540,OPENJPA-466,Fixed,[1.0.0, 1.0.1, 1.1.0, 1.2.0],[1.0.4, 1.2.2, 1.3.0, 2.0.0-M3]
798,12384438,OPENJPA-464,Fixed,[1.1.0],[1.1.0]
799,12384082,OPENJPA-462,Fixed,[0.9.7],[1.2.0]
800,12384032,OPENJPA-460,Fixed,[1.1.0],[1.1.0]
801,12383999,OPENJPA-459,Fixed,[1.0.0],[2.0.0-beta]
802,12383824,OPENJPA-458,Fixed,[1.0.1],[1.2.0]
803,12383754,OPENJPA-457,Fixed,[0.9.7, 1.0.0, 1.0.1],[1.3.0]
804,12383584,OPENJPA-456,Fixed,[1.1.0],[1.1.0, 1.2.0]
805,12383365,OPENJPA-455,Fixed,[1.0.0, 1.0.1],[1.1.0]
806,12382839,OPENJPA-447,Fixed,[1.1.0],[1.0.2, 1.1.0]
807,12382814,OPENJPA-446,Fixed,[1.0.1],[1.0.2, 1.1.0]
808,12382601,OPENJPA-443,Fixed,[1.1.0],[]
809,12382539,OPENJPA-442,Fixed,[1.1.0, 1.2.0],[1.2.0]
810,12382247,OPENJPA-440,Fixed,[1.0.0, 1.1.0],[1.1.0]
811,12382245,OPENJPA-439,Fixed,[0.9.0, 0.9.6, 0.9.7, 1.0.0, 1.0.1, 1.0.2, 1.1.0],[1.1.0]
812,12382161,OPENJPA-438,Fixed,[1.0.0],[1.3.0]
813,12382100,OPENJPA-437,Fixed,[1.0.0, 1.0.1, 1.0.2, 1.1.0],[1.0.2, 1.1.0]
814,12381890,OPENJPA-434,Fixed,[1.0.0],[1.3.0]
815,12381666,OPENJPA-429,Fixed,[1.1.0],[1.1.0]
816,12381637,OPENJPA-428,Fixed,[1.0.0],[]
817,12381620,OPENJPA-427,Fixed,[1.0.0, 1.1.0],[1.1.0]
818,12381492,OPENJPA-425,Fixed,[1.0.0],[1.3.0]
819,12381369,OPENJPA-424,Fixed,[1.0.0],[]
820,12381324,OPENJPA-423,Fixed,[0.9.6, 0.9.7, 1.0.0],[1.0.1, 1.1.0]
821,12381307,OPENJPA-422,Fixed,[1.0.0],[1.0.1, 1.1.0]
822,12381285,OPENJPA-421,Fixed,[1.0.0, 1.0.1, 1.1.0],[1.0.1, 1.1.0]
823,12381222,OPENJPA-420,Fixed,[1.0.0],[1.0.2, 1.1.0]
824,12381214,OPENJPA-419,Fixed,[0.9.0, 0.9.6, 0.9.7, 1.0.0],[1.0.2, 1.1.0]
825,12381084,OPENJPA-416,Fixed,[0.9.6, 0.9.7, 1.0.0],[1.0.1, 1.1.0]
826,12381075,OPENJPA-415,Fixed,[1.0.1, 1.1.0],[1.0.1, 1.1.0]
827,12380988,OPENJPA-413,Fixed,[1.0.0],[1.0.1, 1.1.0]
828,12380777,OPENJPA-410,Fixed,[1.0.0, 1.0.1, 1.1.0],[1.0.1, 1.1.0]
829,12380652,OPENJPA-409,Fixed,[1.0.0, 1.0.1, 1.1.0],[1.0.1, 1.1.0]
830,12380475,OPENJPA-403,Fixed,[1.0.1, 1.1.0],[1.0.1, 1.1.0]
831,12380369,OPENJPA-402,Fixed,[1.0.1, 1.1.0],[1.0.1, 1.1.0]
832,12380246,OPENJPA-401,Fixed,[1.0.0],[1.0.1, 1.0.2, 1.1.0]
833,12380120,OPENJPA-399,Fixed,[1.0.1],[1.0.1, 1.1.0]
834,12379875,OPENJPA-397,Fixed,[1.0.0],[1.0.1, 1.1.0]
835,12379870,OPENJPA-396,Fixed,[1.0.0, 1.0.1, 1.1.0],[1.0.1, 1.1.0]
836,12379868,OPENJPA-395,Fixed,[1.0.0, 1.0.1, 1.1.0],[1.0.1, 1.1.0]
837,12379819,OPENJPA-394,Fixed,[1.0.1],[1.0.1]
838,12379817,OPENJPA-393,Fixed,[1.0.0],[1.2.0]
839,12379672,OPENJPA-392,Fixed,[0.9.0, 0.9.6, 0.9.7, 1.0.0],[1.1.0]
840,12379432,OPENJPA-389,Fixed,[1.0.0, 1.0.1, 1.1.0],[1.0.1, 1.1.0]
841,12379307,OPENJPA-388,Fixed,[1.0.0],[1.0.1, 1.1.0]
842,12379251,OPENJPA-387,Fixed,[1.0.0],[1.0.1, 1.1.0]
843,12379198,OPENJPA-386,Fixed,[0.9.7, 1.0.0, 1.0.2, 1.1.0, 1.2.1],[1.2.0, 1.3.0, 2.0.0-M3]
844,12379111,OPENJPA-385,Fixed,[1.0.0, 1.0.1, 1.1.0],[1.0.1, 1.1.0]
845,12378883,OPENJPA-380,Fixed,[0.9.0, 0.9.6, 0.9.7, 1.0.0],[1.0.1, 1.1.0]
846,12378834,OPENJPA-379,Fixed,[0.9.0, 0.9.6, 0.9.7, 1.0.0],[1.1.0]
847,12378786,OPENJPA-378,Fixed,[1.0.0, 1.0.1, 1.1.0],[1.0.1, 1.1.0]
848,12378578,OPENJPA-375,Fixed,[1.0.0, 1.0.1, 1.1.0],[1.0.1, 1.1.0]
849,12378298,OPENJPA-369,Fixed,[1.0.0],[1.0.1, 1.1.0]
850,12378162,OPENJPA-368,Fixed,[0.9.7, 1.0.0],[1.0.1, 1.1.0]
851,12378065,OPENJPA-367,Fixed,[1.0.0],[1.0.1, 1.0.2, 1.1.0]
852,12378057,OPENJPA-366,Fixed,[1.0.0],[1.0.2, 1.1.0]
853,12377993,OPENJPA-364,Fixed,[1.1.0],[1.1.0]
854,12377850,OPENJPA-363,Fixed,[0.9.0, 0.9.6, 0.9.7, 1.0.0],[]
855,12377845,OPENJPA-361,Fixed,[1.0.0],[1.0.1, 1.1.0]
856,12377828,OPENJPA-360,Fixed,[1.0.0, 1.0.1, 1.1.0],[1.0.1, 1.1.0]
857,12377801,OPENJPA-359,Fixed,[1.0.0],[1.1.0]
858,12377792,OPENJPA-358,Fixed,[0.9.7, 1.0.0],[1.0.1, 1.1.0]
859,12377791,OPENJPA-357,Fixed,[0.9.7, 1.0.0],[1.0.1, 1.1.0]
860,12377780,OPENJPA-356,Fixed,[0.9.0, 0.9.6, 0.9.7, 1.0.0],[1.0.1, 1.1.0]
861,12377735,OPENJPA-355,Fixed,[1.0.0],[1.0.1, 1.1.0]
862,12377707,OPENJPA-354,Fixed,[0.9.0, 0.9.6, 0.9.7, 1.0.0],[1.1.0]
863,12377703,OPENJPA-353,Fixed,[1.0.0],[1.0.1, 1.1.0]
864,12377533,OPENJPA-349,Fixed,[1.0.0],[1.2.0]
865,12377191,OPENJPA-347,Fixed,[1.0.0],[1.0.1, 1.1.0]
866,12377181,OPENJPA-346,Fixed,[1.0.0],[1.0.1, 1.1.0]
867,12377170,OPENJPA-345,Fixed,[0.9.0, 0.9.6, 0.9.7, 1.0.0],[]
868,12377093,OPENJPA-343,Fixed,[0.9.7, 1.0.0],[1.0.1, 1.1.0]
869,12376942,OPENJPA-339,Fixed,[0.9.7],[1.0.1, 1.1.0]
870,12376846,OPENJPA-335,Fixed,[1.0.0],[1.0.1, 1.1.0]
871,12376745,OPENJPA-331,Fixed,[0.9.7, 1.0.0],[1.0.2, 1.1.0]
872,12376633,OPENJPA-327,Fixed,[1.0.0],[]
873,12376559,OPENJPA-326,Fixed,[0.9.7],[1.0.1, 1.1.0]
874,12376553,OPENJPA-325,Fixed,[0.9.0, 0.9.6, 0.9.7],[1.0.0]
875,12376423,OPENJPA-323,Fixed,[1.0.0],[1.0.0]
876,12376279,OPENJPA-321,Fixed,[0.9.7],[1.0.0]
877,12376197,OPENJPA-320,Fixed,[0.9.7],[1.0.0]
878,12375716,OPENJPA-312,Fixed,[1.0.0],[1.0.0]
879,12375701,OPENJPA-311,Fixed,[0.9.0, 0.9.6, 0.9.7, 1.0.0],[1.0.0]
880,12375463,OPENJPA-308,Fixed,[0.9.0, 0.9.6, 0.9.7],[1.0.0]
881,12375048,OPENJPA-304,Fixed,[0.9.7],[1.0.0]
882,12374998,OPENJPA-303,Fixed,[0.9.7, 1.0.0],[]
883,12374571,OPENJPA-296,Fixed,[0.9.0, 0.9.6, 0.9.7],[1.0.0]
884,12374560,OPENJPA-295,Fixed,[0.9.6],[1.0.1, 1.1.0]
885,12374259,OPENJPA-288,Fixed,[1.0.0],[]
886,12374203,OPENJPA-287,Fixed,[0.9.7],[1.0.0]
887,12374144,OPENJPA-286,Fixed,[0.9.7, 1.0.0, 1.1.0],[1.2.0]
888,12373956,OPENJPA-285,Fixed,[1.0.0],[1.0.0]
889,12373898,OPENJPA-284,Fixed,[1.0.0],[1.0.0]
890,12373309,OPENJPA-281,Fixed,[0.9.7],[1.0.0]
891,12373206,OPENJPA-280,Fixed,[1.0.0],[1.0.0]
892,12373103,OPENJPA-278,Fixed,[0.9.0, 0.9.6, 0.9.7],[1.0.0]
893,12372784,OPENJPA-274,Fixed,[0.9.0, 0.9.6, 0.9.7],[1.0.0]
894,12372712,OPENJPA-272,Fixed,[0.9.7],[1.0.0]
895,12372693,OPENJPA-271,Fixed,[1.0.0],[1.0.0]
896,12371987,OPENJPA-261,Fixed,[0.9.7],[]
897,12371491,OPENJPA-258,Fixed,[0.9.6],[1.0.2, 1.1.0]
898,12371488,OPENJPA-257,Fixed,[1.0.0],[1.0.0]
899,12371293,OPENJPA-255,Fixed,[0.9.7, 1.0.0],[1.1.0]
900,12371051,OPENJPA-251,Fixed,[0.9.7],[1.0.2, 1.1.0]
901,12370634,OPENJPA-248,Fixed,[0.9.7],[1.0.0]
902,12370345,OPENJPA-245,Fixed,[0.9.6, 0.9.7],[1.0.3, 1.1.0]
903,12370109,OPENJPA-244,Fixed,[1.0.0],[1.0.0]
904,12369742,OPENJPA-241,Fixed,[1.0.0],[1.2.0]
905,12368804,OPENJPA-237,Fixed,[0.9.7],[1.0.0]
906,12368469,OPENJPA-233,Fixed,[0.9.7],[1.0.0]
907,12368352,OPENJPA-231,Fixed,[0.9.7],[1.1.0]
908,12368224,OPENJPA-230,Fixed,[0.9.0, 0.9.6, 0.9.7],[1.0.0]
909,12368016,OPENJPA-229,Fixed,[0.9.0, 0.9.6, 0.9.7],[1.0.0]
910,12368005,OPENJPA-228,Fixed,[0.9.6, 0.9.7],[]
911,12367509,OPENJPA-222,Fixed,[0.9.7],[]
912,12367411,OPENJPA-220,Fixed,[0.9.7],[1.2.0]
913,12367409,OPENJPA-219,Fixed,[0.9.0, 0.9.6, 0.9.7],[1.0.0]
914,12367383,OPENJPA-218,Fixed,[0.9.6, 0.9.7],[2.0.0-M2]
915,12366995,OPENJPA-214,Fixed,[0.9.7],[0.9.7]
916,12366751,OPENJPA-210,Fixed,[0.9.7],[1.0.4, 1.2.0]
917,12366750,OPENJPA-209,Fixed,[0.9.7],[1.2.0]
918,12366747,OPENJPA-208,Fixed,[0.9.6],[0.9.7]
919,12366739,OPENJPA-207,Fixed,[0.9.6],[2.0.0-M2]
920,12366626,OPENJPA-203,Fixed,[0.9.0, 0.9.6],[1.0.0]
921,12366611,OPENJPA-202,Fixed,[0.9.7],[0.9.7]
922,12366607,OPENJPA-200,Fixed,[0.9.7],[]
923,12366605,OPENJPA-199,Fixed,[0.9.7],[1.0.0]
924,12365984,OPENJPA-186,Fixed,[0.9.7],[0.9.7]
925,12365962,OPENJPA-185,Fixed,[0.9.0, 0.9.6],[0.9.7]
926,12365816,OPENJPA-181,Fixed,[0.9.7],[0.9.7]
927,12365700,OPENJPA-180,Fixed,[0.9.0, 0.9.6, 0.9.7, 1.0.0, 1.1.0],[]
928,12365607,OPENJPA-179,Fixed,[0.9.6, 0.9.7],[0.9.7]
929,12365447,OPENJPA-177,Fixed,[0.9.6],[1.0.0]
930,12365310,OPENJPA-175,Fixed,[0.9.0, 0.9.6],[0.9.7]
931,12365277,OPENJPA-174,Fixed,[0.9.6],[0.9.7]
932,12364867,OPENJPA-173,Fixed,[0.9.6],[]
933,12364581,OPENJPA-165,Fixed,[0.9.7],[1.0.0]
934,12364095,OPENJPA-162,Fixed,[0.9.6],[0.9.7]
935,12362662,OPENJPA-142,Fixed,[0.9.0, 0.9.6],[0.9.7]
936,12356226,OPENJPA-86,Fixed,[0.9.6],[1.0.0]
937,12354330,OPENJPA-71,Fixed,[0.9.0, 0.9.6],[0.9.7]
938,12350212,OPENJPA-51,Fixed,[1.0.0, 1.0.1, 1.0.2, 1.0.3, 1.0.4, 1.1.0, 1.2.0],[1.0.3, 1.2.0]
939,12348773,OPENJPA-35,Fixed,[0.9.0, 0.9.6],[0.9.7]
